Date and clock time (yyyy/MM/dd - hh:mm:ss.ffffff):,Gameplay Time (updated every frame) (s):,Headset position x:,Headset position y:,Headset position z:,Headset rotation x:,Headset rotation y:,Headset rotation z:,Right Hand Position x:,Right Hand Position y:,Right Hand Position z:,Right Hand rotation x:,Right Hand rotation y:,Right Hand rotation z:,User points:,Peer points:
2018/07/11 - 02:45:00.8570645,0,0.0182482,-0.02673197,-0.0504047,4.209143,5.756693,358.6329,0.1805567,-0.3539536,0.208557,348.1449,7.843048,341.2144,0,0
2018/07/11 - 02:45:00.8790082,0.02260474,0.01835637,-0.02673156,-0.05043329,4.171525,5.780614,358.6305,0.1802378,-0.3530903,0.2079046,347.9873,7.14301,341.6084,0,0
2018/07/11 - 02:45:00.8979567,0.04444177,0.01842059,-0.02666929,-0.05039599,4.14191,5.806267,358.5997,0.179822,-0.3529809,0.2078834,347.9339,7.362662,342.0463,0,0
2018/07/11 - 02:45:00.9179249,0.06459461,0.01848824,-0.02662433,-0.05035226,4.112378,5.801298,358.5897,0.1794481,-0.3527993,0.2080594,347.9893,7.470026,342.6814,0,0
2018/07/11 - 02:45:00.9468244,0.08393621,0.01852053,-0.0265484,-0.05018239,4.078268,5.79862,358.5846,0.1793747,-0.3524467,0.2085329,348.4558,7.70896,342.7135,0,0
2018/07/11 - 02:45:00.9697634,0.1122753,0.01851464,-0.02647363,-0.04997285,4.075874,5.79971,358.5854,0.1795329,-0.3522977,0.2092035,349.1095,7.425204,342.492,0,0
2018/07/11 - 02:45:00.9956947,0.1359064,0.01850016,-0.02643257,-0.04971226,4.083599,5.800594,358.5999,0.1792014,-0.3517411,0.2094695,348.8578,7.142165,342.8854,0,0
2018/07/11 - 02:45:01.0196306,0.1619304,0.01849547,-0.02643342,-0.04947691,4.062148,5.803512,358.6132,0.1790983,-0.3512745,0.209631,348.4388,7.559119,343.7957,0,0
2018/07/11 - 02:45:01.0375821,0.1857107,0.01851529,-0.02642512,-0.04930663,4.039122,5.802749,358.6259,0.1796167,-0.351262,0.2104956,349.2478,8.234087,343.9289,0,0
2018/07/11 - 02:45:01.0545361,0.2041811,0.01854336,-0.02640777,-0.0490999,4.012249,5.820466,358.6407,0.1800051,-0.3511869,0.2112444,349.8745,8.543768,343.4144,0,0
2018/07/11 - 02:45:01.0704937,0.2212543,0.01858331,-0.0263814,-0.04897475,4.008082,5.839028,358.6485,0.1795198,-0.3508166,0.2121626,350.6674,8.006587,343.342,0,0
2018/07/11 - 02:45:01.0854537,0.2369612,0.01863967,-0.0263773,-0.04884409,3.991637,5.85455,358.6678,0.1789748,-0.3506918,0.2116455,349.9551,7.815956,343.6155,0,0
2018/07/11 - 02:45:01.1073951,0.251894,0.01876815,-0.02634992,-0.04867404,3.955725,5.86491,358.6712,0.1781192,-0.3500448,0.2125905,349.9893,8.673219,344.4439,0,0
2018/07/11 - 02:45:01.1253470,0.273855,0.01898731,-0.02626773,-0.04846368,3.845195,5.940557,358.7027,0.1771389,-0.3497019,0.2130744,350.0815,9.216816,345.0209,0,0
2018/07/11 - 02:45:01.1472887,0.2914689,0.01939191,-0.02603763,-0.04845796,3.621132,6.113106,358.6706,0.1741135,-0.3478439,0.2137404,349.6008,9.346548,346.0987,0,0
2018/07/11 - 02:45:01.1692295,0.3133366,0.01972424,-0.02566973,-0.04877199,3.409578,6.249563,358.7327,0.1700166,-0.3449574,0.2140658,349.039,8.072746,346.6871,0,0
2018/07/11 - 02:45:01.1891758,0.3358145,0.01997617,-0.02522278,-0.04928552,3.125164,6.250546,358.701,0.1653992,-0.341449,0.2150831,349.2929,6.187128,346.062,0,0
2018/07/11 - 02:45:01.2111173,0.3553038,0.02017322,-0.02455606,-0.04974759,2.568793,6.129101,358.6682,0.1585053,-0.3376521,0.2165207,349.334,4.048176,346.317,0,0
2018/07/11 - 02:45:01.2320614,0.3774887,0.02035943,-0.02390008,-0.05043742,2.214267,5.835065,358.7421,0.1473375,-0.3334685,0.2185232,349.2574,2.256795,348.8562,0,0
2018/07/11 - 02:45:01.2540034,0.3988291,0.02032357,-0.02315767,-0.05132356,1.923611,5.558152,358.7354,0.136291,-0.3285539,0.2194271,348.4477,0.3889281,350.2125,0,0
2018/07/11 - 02:45:01.2769410,0.4206803,0.01986808,-0.02241691,-0.05231837,1.442825,4.888436,358.6844,0.125694,-0.3228596,0.2198223,347.3358,358.3693,350.2582,0,0
2018/07/11 - 02:45:01.2999035,0.4434617,0.01923428,-0.02146402,-0.05302667,0.7950189,3.920539,358.7225,0.1154697,-0.3169249,0.2210721,346.7847,356.2911,348.5046,0,0
2018/07/11 - 02:45:01.3208252,0.4654623,0.01832357,-0.02043234,-0.05396423,0.03532174,2.683628,358.6021,0.1029505,-0.3119672,0.2230597,347.4227,353.7322,348.0964,0,0
2018/07/11 - 02:45:01.3437707,0.4872344,0.01727521,-0.01939389,-0.05538392,359.5431,1.381083,358.4337,0.08834806,-0.307274,0.2240439,347.3696,350.9342,348.4124,0,0
2018/07/11 - 02:45:01.3647063,0.5103512,0.0160215,-0.0182973,-0.05671696,358.8474,0.1397569,358.3286,0.07317114,-0.3028474,0.223623,346.7896,347.7786,349.7762,0,0
2018/07/11 - 02:45:01.3886423,0.5312635,0.01443521,-0.0168726,-0.05789257,357.9912,358.6506,358.2228,0.06034974,-0.2986978,0.2226336,345.6174,345.4164,349.5777,0,0
2018/07/11 - 02:45:01.4168361,0.5552461,0.01262202,-0.01573455,-0.05917378,357.2833,356.9062,358.1073,0.04779859,-0.2960484,0.2224844,345.6773,342.9972,350.0976,0,0
2018/07/11 - 02:45:01.4347870,0.5830817,0.01072844,-0.01470643,-0.06025872,356.6985,355.2073,358.0942,0.03594169,-0.2949221,0.2229251,346.3501,341.3317,351.0279,0,0
2018/07/11 - 02:45:01.4567336,0.6008919,0.008570249,-0.01385905,-0.06131752,356.27,353.4339,358.1229,0.02590021,-0.2930998,0.2234504,346.1685,341.0576,351.6739,0,0
2018/07/11 - 02:45:01.4776740,0.6217009,0.006319787,-0.01311474,-0.06237883,355.971,351.4544,358.1275,0.01840608,-0.2911079,0.2243587,345.7042,341.4693,350.9292,0,0
2018/07/11 - 02:45:01.4986168,0.6441191,0.004024073,-0.01260678,-0.06342724,355.6657,349.5232,358.2752,0.01118247,-0.2898837,0.2263257,346.2288,341.2467,349.6085,0,0
2018/07/11 - 02:45:01.5205585,0.6654199,0.00154838,-0.0121973,-0.06445923,355.4986,347.4801,358.3117,0.003940017,-0.2895386,0.228064,347.0895,341.4966,349.1329,0,0
2018/07/11 - 02:45:01.5435077,0.6875343,-0.0007585175,-0.01200817,-0.0655748,355.428,345.2301,358.3842,-0.003619831,-0.289633,0.2283513,347.3802,341.0992,349.6534,0,0
2018/07/11 - 02:45:01.5654616,0.7099456,-0.00315924,-0.01199004,-0.06675599,355.1747,343.059,358.3433,-0.01108905,-0.2901747,0.228313,347.5349,341.4555,350.935,0,0
2018/07/11 - 02:45:01.5883758,0.7313893,-0.005442819,-0.01177417,-0.06821263,355.1449,340.8925,358.3179,-0.01783111,-0.2907597,0.2276293,347.4873,342.1026,351.3979,0,0
2018/07/11 - 02:45:01.6103178,0.7544585,-0.007527584,-0.01179855,-0.06958466,354.9833,338.9718,358.3114,-0.0240537,-0.2919345,0.2256955,348.1363,341.0229,350.769,0,0
2018/07/11 - 02:45:01.6322584,0.7767729,-0.009441542,-0.0118228,-0.07096714,354.886,337.0823,358.2547,-0.03076528,-0.2929379,0.2228001,348.6576,339.2903,350.8017,0,0
2018/07/11 - 02:45:01.6551973,0.799059,-0.01103295,-0.01216376,-0.07220364,354.7805,335.4592,358.2963,-0.03718127,-0.2936693,0.2196553,348.7967,338.2089,351.1521,0,0
2018/07/11 - 02:45:01.6771393,0.8217636,-0.01234517,-0.01247343,-0.07331916,354.9815,334.1469,358.303,-0.04250064,-0.2940258,0.2165161,348.523,338.2965,351.3269,0,0
2018/07/11 - 02:45:01.7010755,0.8433319,-0.01339437,-0.01276739,-0.07425044,355.1117,333.1896,358.2769,-0.04748814,-0.2941293,0.2130468,348.1482,338.6363,351.3372,0,0
2018/07/11 - 02:45:01.7220183,0.8670661,-0.01429585,-0.01299158,-0.07488368,355.2165,332.3625,358.4424,-0.05339725,-0.2947826,0.2089382,348.4643,337.46,351.2614,0,0
2018/07/11 - 02:45:01.7449777,0.8881161,-0.01479619,-0.01335113,-0.0754658,355.5453,331.7144,358.5609,-0.06043851,-0.2964927,0.2045015,349.5835,335.0495,351.7405,0,0
2018/07/11 - 02:45:01.7659014,0.9111808,-0.01545737,-0.01397156,-0.07600953,355.8951,331.3203,358.5503,-0.06743502,-0.2987891,0.2000068,350.4548,332.7603,352.3326,0,0
2018/07/11 - 02:45:01.7898373,0.9326313,-0.01563917,-0.01476687,-0.07636947,356.5949,331.1113,358.5405,-0.0736612,-0.3026303,0.1970701,352.0135,331.8936,352.9069,0,0
2018/07/11 - 02:45:01.8108088,0.9558043,-0.01582193,-0.01583214,-0.07665599,357.5006,330.967,358.4805,-0.07938544,-0.3093023,0.1958691,355.102,331.2843,352.1403,0,0
2018/07/11 - 02:45:01.8327502,0.977005,-0.01615303,-0.01696657,-0.07687609,358.5934,330.8248,358.3576,-0.08514731,-0.3172806,0.1938901,358.0574,329.5675,351.1685,0,0
2018/07/11 - 02:45:01.8566774,0.9984819,-0.0168396,-0.0182178,-0.07685287,359.4705,330.6558,357.9456,-0.09010749,-0.3257999,0.1913793,1.325484,327.1077,350.3384,0,0
2018/07/11 - 02:45:01.8785994,1.022776,-0.01757586,-0.0190905,-0.07679599,0.1625062,330.5284,357.6569,-0.09410827,-0.3347194,0.1887564,5.238212,325.2859,348.9088,0,0
2018/07/11 - 02:45:01.9005411,1.044311,-0.01826241,-0.0202002,-0.07629319,0.7478617,330.5548,357.4821,-0.09620357,-0.3419234,0.1851816,7.425683,324.9768,349.0858,0,0
2018/07/11 - 02:45:01.9304615,1.066539,-0.01892009,-0.02182046,-0.07568144,1.632069,330.8487,357.4619,-0.09572614,-0.3479653,0.1830005,8.548754,325.7761,349.4785,0,0
2018/07/11 - 02:45:01.9474277,1.09713,-0.01938403,-0.0234122,-0.07490864,2.529844,331.0575,357.5219,-0.09400984,-0.3540744,0.18384,10.92187,326.7139,349.9561,0,0
2018/07/11 - 02:45:01.9663927,1.114023,-0.01975011,-0.02485692,-0.07362176,3.387042,331.3307,357.6438,-0.09322558,-0.3605905,0.1843795,13.81723,325.9904,348.7074,0,0
2018/07/11 - 02:45:01.9883270,1.132609,-0.0198875,-0.02622398,-0.07195397,4.13261,331.4432,357.5875,-0.09291214,-0.3675791,0.1849992,17.99794,324.5165,347.7675,0,0
2018/07/11 - 02:45:02.0102477,1.153999,-0.02005388,-0.02761444,-0.07041012,5.012452,331.8636,356.9478,-0.0897823,-0.3706353,0.1856793,20.91627,325.3468,347.7447,0,0
2018/07/11 - 02:45:02.0341850,1.176439,-0.02014054,-0.02921447,-0.06911095,6.038738,332.7226,356.1338,-0.08395704,-0.3696908,0.1860605,21.16404,327.6166,348.1114,0,0
2018/07/11 - 02:45:02.0571447,1.200265,-0.02025866,-0.03044514,-0.06802672,6.741169,333.5085,355.9261,-0.07948261,-0.3679113,0.1844679,21.22865,328.3171,349.3267,0,0
2018/07/11 - 02:45:02.0780858,1.223153,-0.0204836,-0.03125639,-0.06718549,7.139745,334.1355,355.8006,-0.07510995,-0.3663752,0.1835023,22.05902,327.8847,348.8566,0,0
2018/07/11 - 02:45:02.1000201,1.243876,-0.02073026,-0.03221445,-0.0663809,7.572119,334.9336,355.665,-0.07053543,-0.3654695,0.1841169,23.35595,328.6201,349.1155,0,0
2018/07/11 - 02:45:02.1229656,1.266199,-0.02088036,-0.033267,-0.06615427,8.213383,335.8968,355.4694,-0.0642202,-0.3640499,0.1871534,23.27348,331.318,350.4925,0,0
2018/07/11 - 02:45:02.1449070,1.288879,-0.02084385,-0.0338605,-0.06558371,8.706072,336.7312,355.4452,-0.05751285,-0.3643106,0.1909176,24.1207,333.232,351.1659,0,0
2018/07/11 - 02:45:02.1678249,1.310565,-0.02078132,-0.03434094,-0.06510492,9.037152,337.8952,355.2049,-0.0508556,-0.3654208,0.1950037,25.03469,334.7725,350.8581,0,0
2018/07/11 - 02:45:02.1937557,1.333537,-0.02064498,-0.03501717,-0.06507069,9.546444,339.2595,355.1224,-0.04418433,-0.3659915,0.1979211,24.72019,336.71,351.8195,0,0
2018/07/11 - 02:45:02.2137256,1.359654,-0.02040418,-0.03558475,-0.06521787,10.12053,340.5694,355.1287,-0.03557061,-0.3656282,0.2028403,23.90475,341.0481,353.2922,0,0
2018/07/11 - 02:45:02.2366612,1.379648,-0.02008103,-0.03586769,-0.06483471,10.21151,342.0338,355.3575,-0.02848983,-0.3658217,0.2067059,23.62653,342.8436,354.0203,0,0
2018/07/11 - 02:45:02.2855101,1.402751,-0.01959898,-0.0359172,-0.06438427,9.993324,343.3663,355.7487,-0.02294129,-0.3677152,0.2099926,25.24089,341.941,352.0714,0,0
2018/07/11 - 02:45:02.3094469,1.436838,-0.01906591,-0.03594646,-0.06440896,10.19754,344.6078,355.7326,-0.01731398,-0.3690391,0.2129219,24.61958,344.8199,352.8557,0,0
2018/07/11 - 02:45:02.3303911,1.47374,-0.01743949,-0.03611836,-0.06506173,10.53975,347.2745,355.8426,-0.006401601,-0.3707616,0.2178998,23.5773,348.167,354.0009,1,0
2018/07/11 - 02:45:02.3473448,1.496511,-0.01653286,-0.03617121,-0.06497574,10.52726,348.6789,355.9611,-0.002072019,-0.3715706,0.2199061,23.95205,348.1453,353.0519,1,0
2018/07/11 - 02:45:02.3642999,1.513085,-0.01544891,-0.03606307,-0.06485076,10.46758,349.8775,356.1299,0.001147774,-0.3713455,0.2211995,24.47499,346.6684,350.9573,1,0
2018/07/11 - 02:45:02.3872386,1.530964,-0.01441896,-0.03612543,-0.06471676,10.49093,350.9807,356.2076,0.004439509,-0.3712958,0.2219974,24.7298,346.0437,350.4631,1,0
2018/07/11 - 02:45:02.4091791,1.553311,-0.01354952,-0.03603881,-0.06465092,10.65757,352.0551,356.2459,0.007852004,-0.3688782,0.2219147,22.02688,348.1914,353.1621,1,0
2018/07/11 - 02:45:02.4400964,1.575126,-0.01305784,-0.03575954,-0.06396005,10.48493,353.0171,356.269,0.01229832,-0.3658397,0.2220932,20.98778,350.4669,354.9285,1,0
2018/07/11 - 02:45:02.4590464,1.606164,-0.01235802,-0.03546307,-0.06345182,10.24368,353.8504,356.5172,0.01684311,-0.3632238,0.2217425,20.52782,348.9805,353.0493,1,0
2018/07/11 - 02:45:02.4760006,1.625227,-0.01182082,-0.03506428,-0.06296752,10.03252,354.6643,356.8504,0.02125541,-0.3616515,0.2223489,20.32623,348.9383,352.8814,1,0
2018/07/11 - 02:45:02.4989393,1.642565,-0.01140318,-0.0346654,-0.06251188,9.854223,355.1434,357.0688,0.02624782,-0.3598286,0.2231952,19.31842,349.6381,352.8641,1,0
2018/07/11 - 02:45:02.5198203,1.664568,-0.01117329,-0.03415004,-0.06201544,9.644123,355.4979,357.3267,0.03113948,-0.3577731,0.2246718,17.77346,352.3564,353.994,1,0
2018/07/11 - 02:45:02.5417743,1.686735,-0.01093556,-0.03376496,-0.06154281,9.362675,355.5673,357.5515,0.03396334,-0.3554581,0.2254505,16.5534,353.6453,355.2346,1,0
2018/07/11 - 02:45:02.5656980,1.708513,-0.01080805,-0.03319572,-0.06108599,9.004339,355.6129,357.7098,0.0362357,-0.3531798,0.2260808,16.957,352.6086,353.4432,1,0
2018/07/11 - 02:45:02.5876397,1.731693,-0.01069352,-0.03254925,-0.06067875,8.515446,355.711,357.7749,0.03816021,-0.3502243,0.2261503,16.73557,351.0045,351.5114,1,0
2018/07/11 - 02:45:02.6118791,1.753977,-0.0103491,-0.03174209,-0.06038357,7.965443,355.9266,358.1097,0.04065042,-0.3466052,0.2260681,14.8574,352.0531,351.8892,1,0
2018/07/11 - 02:45:02.6368120,1.778332,-0.009797636,-0.03057525,-0.06004826,6.975895,356.2355,358.6653,0.04222375,-0.3429282,0.2264128,12.18122,354.2267,354.5031,1,0
2018/07/11 - 02:45:02.6547653,1.80247,-0.009289984,-0.02928843,-0.05972594,6.212781,356.5259,359.1016,0.04345196,-0.340044,0.226978,10.88001,354.6873,354.7535,1,0
2018/07/11 - 02:45:02.6777068,1.821257,-0.008929532,-0.02841185,-0.05956008,5.493001,356.6161,359.4489,0.0444968,-0.3386027,0.2278244,11.78689,352.8588,352.0497,1,0
2018/07/11 - 02:45:02.6996439,1.844223,-0.008754522,-0.02754376,-0.05940123,4.98445,356.5275,359.6014,0.04532881,-0.3373458,0.2286918,12.0798,351.9867,351.2068,1,0
2018/07/11 - 02:45:02.7228912,1.865759,-0.008525609,-0.02702099,-0.05919172,4.369677,356.3357,359.7122,0.04677295,-0.3354472,0.2294993,10.8879,353.0729,351.6106,1,0
2018/07/11 - 02:45:02.7458043,1.889106,-0.00813558,-0.02633367,-0.05921287,4.015169,356.1228,359.746,0.04776545,-0.3334087,0.2299497,9.189573,354.1826,352.5927,1,0
2018/07/11 - 02:45:02.7667764,1.911722,-0.007751551,-0.0257367,-0.05900078,3.412187,355.9544,359.8968,0.04850065,-0.331771,0.2305259,8.448404,353.648,352.1694,1,0
2018/07/11 - 02:45:02.7886899,1.932822,-0.007540248,-0.02483586,-0.05895297,3.030101,355.7225,359.8242,0.04927139,-0.3307441,0.2315274,8.457465,352.9081,351.6617,1,0
2018/07/11 - 02:45:02.8107696,1.955341,-0.007247877,-0.02422134,-0.05872083,2.526629,355.3375,359.8646,0.05017693,-0.3294054,0.2327917,8.187573,353.1029,351.6397,1,0
2018/07/11 - 02:45:02.8327113,1.976811,-0.0070353,-0.02369252,-0.05835352,2.050595,354.9606,359.9919,0.05190448,-0.3281989,0.2346135,8.701739,353.8929,350.6673,1,0
2018/07/11 - 02:45:02.8556497,1.998643,-0.007006505,-0.02329846,-0.05812564,1.804979,354.5559,359.9247,0.05215133,-0.3260053,0.2348851,7.829575,353.7634,350.5062,1,0
2018/07/11 - 02:45:02.8765941,2.02214,-0.006987907,-0.02293107,-0.05803674,1.531324,354.1203,359.8413,0.05168811,-0.3238945,0.2345518,6.744212,353.0271,350.7679,1,0
2018/07/11 - 02:45:02.9005383,2.04351,-0.006889819,-0.02261323,-0.05782327,1.118289,353.7112,359.9157,0.05108537,-0.3223915,0.2344676,6.137541,352.6885,351.1896,1,0
2018/07/11 - 02:45:02.9296232,2.066876,-0.006813679,-0.02211916,-0.05772611,0.8719586,353.294,359.8735,0.05112081,-0.3208067,0.2347195,5.623404,352.8249,350.7515,1,0
2018/07/11 - 02:45:02.9485729,2.095489,-0.006801113,-0.02183525,-0.05773597,0.565231,352.7478,359.8531,0.05065574,-0.3197905,0.234825,5.778703,353.0424,350.2524,1,0
2018/07/11 - 02:45:02.9675219,2.115251,-0.007036931,-0.02154391,-0.05768479,0.3736043,352.1721,359.7836,0.04901611,-0.318715,0.2342069,5.303521,352.4878,350.5148,1,0
2018/07/11 - 02:45:02.9914693,2.134087,-0.007206545,-0.02137945,-0.05763061,0.2386566,351.4771,359.8014,0.047234,-0.3175568,0.2332311,4.875807,351.5336,350.3126,1,0
2018/07/11 - 02:45:03.0126745,2.157757,-0.007426705,-0.021278,-0.05756051,0.05057617,350.9331,359.8057,0.04569219,-0.3163023,0.2324087,4.625273,350.5675,349.7143,1,0
2018/07/11 - 02:45:03.0345997,2.178785,-0.007631086,-0.02116119,-0.05734045,359.9055,350.4246,359.8759,0.04368177,-0.3153527,0.2315461,4.165474,350.2537,349.5594,1,0
2018/07/11 - 02:45:03.0555399,2.200467,-0.007803455,-0.02109912,-0.05732781,359.8839,349.7581,0.00340869,0.04134955,-0.3146513,0.2307553,3.806182,350.2025,349.7092,1,0
2018/07/11 - 02:45:03.0784775,2.222218,-0.008188888,-0.02112834,-0.05723117,359.7744,349.0329,0.03484879,0.03832279,-0.3138927,0.2296678,3.586479,349.8134,349.8549,1,0
2018/07/11 - 02:45:03.0994233,2.244128,-0.008565648,-0.02108732,-0.05724536,359.7546,348.323,359.9785,0.03492414,-0.3129482,0.2283029,3.390021,348.6833,349.5626,1,0
2018/07/11 - 02:45:03.1223603,2.266093,-0.008834105,-0.02098645,-0.05732605,359.7823,347.5838,359.8757,0.03179028,-0.3121151,0.2272277,3.187277,348.1549,348.8777,1,0
2018/07/11 - 02:45:03.1452987,2.289106,-0.009202026,-0.0211313,-0.05734672,359.6356,346.9724,359.955,0.02823692,-0.3117488,0.2262368,2.892204,348.0177,348.8307,1,0
2018/07/11 - 02:45:03.1682607,2.31166,-0.009514671,-0.02107807,-0.05758826,359.7036,346.2818,359.8168,0.02377337,-0.3113157,0.2247295,2.293871,347.4007,349.574,1,0
2018/07/11 - 02:45:03.1901927,2.334627,-0.009763571,-0.02101184,-0.05779639,359.7909,345.7014,359.8061,0.01987413,-0.3111322,0.2237791,1.981363,346.3711,349.5679,1,0
2018/07/11 - 02:45:03.2116293,2.356885,-0.009875234,-0.02094336,-0.05798016,359.701,345.0973,359.7192,0.0161217,-0.311168,0.2233062,2.155472,345.6934,349.6107,1,0
2018/07/11 - 02:45:03.2335710,2.378475,-0.01001038,-0.02100305,-0.05803111,359.5346,344.6296,359.6592,0.01264965,-0.3109562,0.2225314,1.820677,344.5856,349.3241,1,0
2018/07/11 - 02:45:03.2575117,2.400351,-0.009942584,-0.02093513,-0.05806572,359.5307,344.2078,359.6216,0.0102019,-0.3107636,0.2219842,1.279919,344.2054,349.0449,1,0
2018/07/11 - 02:45:03.2794486,2.42348,-0.00992011,-0.02087981,-0.05813896,359.5892,344.0211,359.438,0.008069496,-0.3106715,0.2220225,1.274238,344.5485,349.221,1,0
2018/07/11 - 02:45:03.3013889,2.445333,-0.009698775,-0.02072398,-0.05789916,359.5057,343.878,359.3794,0.006164821,-0.3103952,0.2218489,1.015455,344.0897,349.0484,1,0
2018/07/11 - 02:45:03.3233303,2.467869,-0.00948023,-0.0207107,-0.0579556,359.4711,343.9752,359.4746,0.004469499,-0.3102527,0.2220929,1.251896,343.7203,348.9553,1,0
2018/07/11 - 02:45:03.3452717,2.490109,-0.009293397,-0.02064378,-0.0578862,359.4574,343.8947,359.3863,0.003131493,-0.3101356,0.2222761,1.310092,343.1867,348.5167,1,0
2018/07/11 - 02:45:03.3682098,2.512137,-0.009132811,-0.0206353,-0.05772376,359.4171,343.8092,359.3091,0.002698413,-0.3101514,0.222592,1.523242,343.6569,348.8813,1,0
2018/07/11 - 02:45:03.3851652,2.534559,-0.009001892,-0.02061642,-0.057597,359.3819,343.7427,359.2461,0.002353072,-0.3098026,0.2224282,1.284595,343.5886,348.8464,1,0
2018/07/11 - 02:45:03.4081312,2.552034,-0.008917451,-0.02058432,-0.05754489,359.3701,343.7112,359.2147,0.001904563,-0.3094078,0.2222064,0.9343704,343.3788,348.9424,1,0
2018/07/11 - 02:45:03.4280747,2.568456,-0.008741338,-0.02056177,-0.05738731,359.3951,343.6418,359.1247,0.001480765,-0.3089876,0.2220639,0.7969922,343.1703,348.928,1,0
2018/07/11 - 02:45:03.4440073,2.594254,-0.008661613,-0.02060595,-0.05733299,359.416,343.6573,359.1247,0.00108214,-0.3086298,0.2218738,0.7487342,342.6977,348.6754,1,0
2018/07/11 - 02:45:03.4619605,2.610624,-0.008556832,-0.02070398,-0.05714211,359.494,343.6245,359.1182,0.0006240853,-0.3084694,0.2216493,0.7230624,342.3868,348.6648,1,0
2018/07/11 - 02:45:03.4779178,2.627944,-0.0085194,-0.02083079,-0.05694843,359.539,343.5553,359.1082,0.0003395063,-0.3085462,0.2215024,0.7459388,342.3362,348.8303,1,0
2018/07/11 - 02:45:03.4958685,2.644507,-0.008532949,-0.02101294,-0.05661785,359.6805,343.4121,359.0802,-0.000204973,-0.3085177,0.2211282,0.6374734,342.1314,348.982,1,0
2018/07/11 - 02:45:03.5148172,2.662451,-0.008653689,-0.02130931,-0.05635267,359.8647,343.3183,359.0524,-0.0004108746,-0.3085482,0.2208493,0.5662602,342.1093,348.9832,1,0
2018/07/11 - 02:45:03.5357625,2.68053,-0.008757722,-0.02167144,-0.05617468,0.07769664,343.1534,358.9763,-0.001106774,-0.3085247,0.2200967,0.3921862,341.6341,348.955,1,0
2018/07/11 - 02:45:03.5586998,2.702068,-0.008865766,-0.02205329,-0.05592231,0.2483084,342.9647,359.0257,-0.001964182,-0.3085675,0.2189781,0.00994561,340.8401,348.7505,1,0
2018/07/11 - 02:45:03.5846305,2.724385,-0.009008136,-0.02213975,-0.05574223,0.3003956,342.7855,359.0142,-0.003968164,-0.3096645,0.2179371,359.9574,340.3788,349.3088,1,0
2018/07/11 - 02:45:03.6125558,2.750873,-0.009451041,-0.02261339,-0.05550093,0.5169632,342.3329,358.993,-0.004884699,-0.3101937,0.217638,0.04538042,340.4902,349.4385,1,0
2018/07/11 - 02:45:03.6315060,2.778516,-0.009777926,-0.02291095,-0.05554822,0.6831772,342.0158,358.9727,-0.00800555,-0.3113281,0.2159323,0.09973512,339.5433,348.9855,1,0
2018/07/11 - 02:45:03.6484603,2.797544,-0.01008892,-0.02307919,-0.05560461,0.8262911,341.5938,358.9817,-0.01013921,-0.3118092,0.214437,359.9576,338.8134,348.9293,1,0
2018/07/11 - 02:45:03.6634203,2.814543,-0.01054723,-0.02314417,-0.05558191,0.8021539,341.1222,358.922,-0.0126037,-0.3122427,0.2126806,359.653,338.0503,349.1866,1,0
2018/07/11 - 02:45:03.6823694,2.829923,-0.0110846,-0.02301808,-0.05575152,0.775668,340.6898,358.8416,-0.015271,-0.3135869,0.2115641,359.9527,337.4909,350.0602,1,0
2018/07/11 - 02:45:03.7033133,2.848728,-0.01157418,-0.02285126,-0.0559716,0.8436595,340.1505,358.8057,-0.01693138,-0.3141834,0.2109394,0.01526633,338.1272,350.1891,1,0
2018/07/11 - 02:45:03.7252541,2.87002,-0.01167362,-0.02302102,-0.05596756,0.7616667,340.2539,358.9384,-0.01651222,-0.3139935,0.2110923,359.9318,337.7759,349.5829,1,0
2018/07/11 - 02:45:03.7461988,2.89093,-0.01214476,-0.02299774,-0.05605902,0.9602502,339.915,358.9468,-0.01822845,-0.3147841,0.2103043,0.1276073,337.2483,349.5873,1,0
2018/07/11 - 02:45:03.7691506,2.912733,-0.01256534,-0.02314695,-0.05600163,1.022875,339.6985,358.9514,-0.01969162,-0.3155409,0.2095935,0.1911052,336.7352,349.865,1,0
2018/07/11 - 02:45:03.7880874,2.934764,-0.01276471,-0.02325615,-0.05585334,1.178921,339.6675,359.0651,-0.02069429,-0.3160914,0.2090986,0.2573551,336.4964,350.0737,1,0
2018/07/11 - 02:45:03.8100283,2.954416,-0.0127191,-0.02344237,-0.05569781,1.211112,339.7399,359.0235,-0.02097982,-0.3165179,0.2090587,0.2859601,336.4566,349.9174,1,0
2018/07/11 - 02:45:03.8309941,2.976167,-0.01273393,-0.02353164,-0.05551255,1.217847,339.7874,359.0171,-0.0206209,-0.3169653,0.2097956,0.4569112,337.2169,349.7002,1,0
2018/07/11 - 02:45:03.8529361,2.996926,-0.01286293,-0.02356801,-0.05531147,1.288409,339.8176,359.0291,-0.02043769,-0.3177157,0.2105826,0.5306992,337.6876,349.9386,1,0
2018/07/11 - 02:45:03.8828325,3.019009,-0.01295029,-0.0237521,-0.05517615,1.340441,339.8171,358.9886,-0.02038473,-0.3184804,0.211022,0.7359356,337.4843,349.5779,1,0
2018/07/11 - 02:45:03.8998070,3.048542,-0.01301398,-0.02394297,-0.05514636,1.418217,339.8976,358.9482,-0.02097835,-0.3199134,0.2113748,1.188993,337.2339,349.6448,1,0
2018/07/11 - 02:45:03.9197345,3.065914,-0.01308679,-0.02420648,-0.05510859,1.562328,340.1063,358.9115,-0.02172298,-0.3213124,0.2113708,1.45866,337.0898,349.7923,1,0
2018/07/11 - 02:45:03.9416757,3.086665,-0.01308434,-0.02438514,-0.05506852,1.649287,340.2558,358.8444,-0.02262755,-0.3225339,0.2110533,1.615209,337.1961,349.9498,1,0
2018/07/11 - 02:45:03.9656347,3.10836,-0.01311844,-0.02451956,-0.05497462,1.627164,340.4896,358.8244,-0.02390083,-0.3235453,0.2101611,1.771582,336.6033,349.878,1,0
2018/07/11 - 02:45:03.9865837,3.13142,-0.01306069,-0.02453887,-0.05493138,1.691666,340.7077,358.8254,-0.02516592,-0.3242449,0.2090977,1.77121,335.7216,349.8427,1,0
2018/07/11 - 02:45:04.0105190,3.152668,-0.01303922,-0.02456564,-0.05472225,1.656728,341.1628,358.8268,-0.02553973,-0.3244954,0.2085874,1.5764,335.6197,349.8347,1,0
2018/07/11 - 02:45:04.0314657,3.176513,-0.01292742,-0.02445121,-0.05438814,1.676836,341.5916,358.848,-0.02545898,-0.3247606,0.2087398,1.386896,336.4384,350.5114,1,0
2018/07/11 - 02:45:04.0544047,3.198022,-0.01277271,-0.02435634,-0.05406949,1.728808,341.8721,358.8272,-0.02484968,-0.3247268,0.2092041,1.009975,336.8475,350.8125,1,0
2018/07/11 - 02:45:04.0753710,3.220827,-0.0126432,-0.0244603,-0.05386623,1.734394,342.2269,358.7836,-0.02408692,-0.324977,0.2100853,1.185556,336.9312,350.5487,1,0
2018/07/11 - 02:45:04.0982864,3.241951,-0.01241172,-0.02451601,-0.05366419,1.762919,342.6633,358.7151,-0.02282593,-0.3255145,0.2115373,1.576776,336.9408,349.8142,1,0
2018/07/11 - 02:45:04.1205902,3.264347,-0.01208853,-0.02451389,-0.05355783,1.895904,343.2572,358.6538,-0.02129882,-0.3259996,0.2132643,1.615956,337.6897,349.8316,1,0
2018/07/11 - 02:45:04.1425015,3.286751,-0.01173302,-0.02448509,-0.0533306,1.957731,344.0595,358.745,-0.01910114,-0.3263012,0.2152576,1.311823,339.3964,350.3769,1,0
2018/07/11 - 02:45:04.1654393,3.308897,-0.01126226,-0.02442304,-0.05313331,1.939237,344.712,358.7357,-0.0166284,-0.326343,0.2174053,0.7832732,340.6297,351.1616,1,0
2018/07/11 - 02:45:04.1893878,3.331114,-0.01073319,-0.0243725,-0.0527945,1.842233,345.4561,358.7499,-0.01288788,-0.3257978,0.2202667,0.549197,342.0939,351.3918,1,0
2018/07/11 - 02:45:04.2103197,3.355038,-0.01002192,-0.02420877,-0.05254,1.914045,346.5916,358.7173,-0.00763807,-0.3246616,0.2235753,0.123012,343.3528,350.6917,1,0
2018/07/11 - 02:45:04.2332771,3.376678,-0.008905344,-0.02413266,-0.05215935,1.877419,348.1504,358.6316,-0.001334802,-0.3236413,0.2274515,359.4253,345.7531,350.9099,1,0
2018/07/11 - 02:45:04.2542025,3.399337,-0.007478946,-0.02404698,-0.05168317,1.803741,349.8255,359.0774,0.005920228,-0.3227284,0.2317752,358.0315,349.8713,352.1342,1,0
2018/07/11 - 02:45:04.2761656,3.420629,-0.006282537,-0.02393976,-0.05142275,1.735333,351.2261,359.2454,0.01344598,-0.3219554,0.2358986,356.5074,353.609,353.5821,1,0
2018/07/11 - 02:45:04.2990832,3.442364,-0.004954949,-0.02405217,-0.05124543,1.630991,352.6747,359.2593,0.02241297,-0.3213042,0.240208,356.7326,355.9331,352.7526,1,0
2018/07/11 - 02:45:04.3220204,3.464937,-0.003494742,-0.02396157,-0.050996,1.669538,354.1699,359.3342,0.03109306,-0.3219182,0.2449633,358.5279,355.6807,350.4495,1,0
2018/07/11 - 02:45:04.3439920,3.488535,-0.002064883,-0.02395387,-0.05081851,1.650795,355.5833,359.5099,0.03849481,-0.3228848,0.2438123,357.1185,356.5196,350.0458,1,0
2018/07/11 - 02:45:04.3728855,3.510138,-0.0007322952,-0.02382215,-0.0504353,1.451134,356.9235,359.7139,0.0402112,-0.3244854,0.2442577,356.4426,357.5352,354.4673,0,0
2018/07/11 - 02:45:04.3908368,3.539397,0.0005510561,-0.02365427,-0.05034717,1.322609,358.1602,359.812,0.04530527,-0.3244881,0.2454162,357.5442,358.8403,353.2729,0,0
2018/07/11 - 02:45:04.4117909,3.557761,0.001739538,-0.02360253,-0.05026447,1.180873,359.2081,359.9324,0.04902357,-0.3235283,0.2459786,357.4559,0.01544007,353.0873,0,0
2018/07/11 - 02:45:04.4337212,3.578473,0.002722532,-0.02333612,-0.05029332,1.146976,0.1970228,359.9337,0.05258747,-0.3219956,0.2470436,357.8361,0.8504985,352.3978,0,0
2018/07/11 - 02:45:04.4546668,3.599895,0.003789392,-0.02320673,-0.05027036,0.9228072,1.139431,0.05759162,0.0556735,-0.3208563,0.2486964,358.7487,1.338252,352.0083,0,0
2018/07/11 - 02:45:04.4776066,3.621372,0.004791889,-0.02281517,-0.05052249,0.8378006,1.864898,0.06201058,0.05790753,-0.3197757,0.2486164,358.8652,1.021644,351.9858,0,0
2018/07/11 - 02:45:04.4995458,3.644087,0.00571514,-0.02241806,-0.05084215,0.5304543,2.579496,0.0836447,0.05985778,-0.3182079,0.2486712,358.4132,359.7015,351.363,0,0
2018/07/11 - 02:45:04.5214525,3.665597,0.006601849,-0.02189054,-0.05108317,0.03887133,3.0591,0.1414711,0.06192243,-0.3170689,0.2483016,358.1316,359.1577,350.5899,0,0
2018/07/11 - 02:45:04.5444028,3.687484,0.007298123,-0.02127935,-0.05152187,359.6562,3.591033,0.07380708,0.0643652,-0.3160892,0.2483221,358.0905,0.206853,350.4821,0,0
2018/07/11 - 02:45:04.5653293,3.710545,0.008022476,-0.02061435,-0.05190082,359.1855,4.101152,359.9929,0.06654098,-0.314865,0.2481429,357.5128,0.910466,350.5466,0,0
2018/07/11 - 02:45:04.5882618,3.732242,0.008710101,-0.0201244,-0.05248758,358.8203,4.475663,0.05541664,0.06844928,-0.3137991,0.2480197,357.2827,1.218899,350.5226,0,0
2018/07/11 - 02:45:04.6112050,3.755198,0.009145845,-0.01958432,-0.05307911,358.5692,4.678628,0.09578612,0.06984776,-0.3129005,0.247914,357.2068,0.956282,350.3802,0,0
2018/07/11 - 02:45:04.6351375,3.777647,0.009371641,-0.01907893,-0.05349516,358.2071,4.625501,359.9856,0.07115786,-0.3119412,0.2478393,357.3286,0.5535608,349.9127,0,0
2018/07/11 - 02:45:04.6560811,3.80146,0.009437256,-0.01857154,-0.05390914,357.9404,4.668592,359.9063,0.07281353,-0.3108663,0.247252,357.0092,0.7282653,349.2832,0,0
2018/07/11 - 02:45:04.6790494,3.822716,0.009623159,-0.01826793,-0.05468605,357.7025,4.469637,359.8854,0.07370415,-0.3099895,0.2465876,356.6574,1.24069,349.9201,0,0
2018/07/11 - 02:45:04.6999634,3.844911,0.009556632,-0.01798613,-0.05518476,357.413,4.374205,359.8284,0.07439268,-0.3087704,0.24542,356.1242,1.387044,349.9979,0,0
2018/07/11 - 02:45:04.7235236,3.866739,0.009542294,-0.01760505,-0.05574788,357.2329,4.122163,359.8558,0.0745678,-0.3077229,0.244558,355.9886,0.5918805,349.917,0,0
2018/07/11 - 02:45:04.7454644,3.889755,0.009378348,-0.01724324,-0.05630316,357.0006,4.050287,359.8802,0.07477285,-0.306763,0.2437442,355.7354,0.1946521,349.8033,0,0
2018/07/11 - 02:45:04.7674306,3.911957,0.009453695,-0.01696191,-0.05695108,356.7544,3.838287,359.969,0.07440782,-0.3054164,0.2426229,355.125,359.5556,349.5594,0,0
2018/07/11 - 02:45:04.7903724,3.933614,0.00940508,-0.01679398,-0.05764433,356.6179,3.497752,359.9606,0.07469226,-0.3039886,0.2416505,354.7347,358.9951,348.6848,0,0
2018/07/11 - 02:45:04.8132832,3.957016,0.009091813,-0.01663993,-0.05816144,356.3949,2.852506,-0.002967039,0.07483382,-0.3025108,0.2407201,354.3845,359.8618,348.3716,0,0
2018/07/11 - 02:45:04.8372186,3.979688,0.008388352,-0.01637931,-0.05846954,356.1865,1.82407,359.8949,0.0737014,-0.3006527,0.238845,353.3211,359.5602,348.1861,0,0
2018/07/11 - 02:45:04.8621520,4.003057,0.00762849,-0.01608999,-0.05894375,356.0154,0.7278635,359.8161,0.07142567,-0.2989258,0.2367952,352.8617,358.4427,347.7218,0,0
2018/07/11 - 02:45:04.8960609,4.027187,0.00632882,-0.01565206,-0.05954691,355.74,359.0818,359.9267,0.06566475,-0.2979991,0.2334097,352.6477,355.8184,347.5887,0,0
2018/07/11 - 02:45:04.9150105,4.062124,0.005170315,-0.01527186,-0.06013675,355.4927,357.5149,359.8918,0.0595763,-0.2968635,0.2305624,352.5225,354.1095,348.5049,0,0
2018/07/11 - 02:45:04.9299705,4.080981,0.004057936,-0.01496319,-0.06088068,355.198,356.0598,359.7343,0.05503257,-0.2946755,0.227838,352.1019,353.2655,348.2003,0,0
2018/07/11 - 02:45:04.9529092,4.096459,0.003174863,-0.01453866,-0.06187251,354.7906,355.025,359.4609,0.05073626,-0.2914205,0.2247599,351.0753,352.4282,347.994,0,0
2018/07/11 - 02:45:04.9738528,4.118805,0.002829588,-0.01392347,-0.06288771,354.3715,354.4018,359.3468,0.04628878,-0.2869722,0.2217462,349.8806,351.4963,348.3593,0,0
2018/07/11 - 02:45:04.9928024,4.139967,0.002635016,-0.01313703,-0.06381263,353.9012,353.9561,359.274,0.04322614,-0.2812341,0.2189673,348.7558,350.6773,348.7278,0,0
2018/07/11 - 02:45:05.0147433,4.159469,0.002870179,-0.01221433,-0.06478518,353.4133,353.7668,359.2512,0.04176143,-0.2731763,0.2149068,346.4016,350.2391,349.242,0,0
2018/07/11 - 02:45:05.0356875,4.181666,0.003179247,-0.01142397,-0.06558258,352.7575,353.8101,358.9714,0.04134541,-0.2642994,0.2111278,343.941,350.9266,350.0003,0,0
2018/07/11 - 02:45:05.0616179,4.202112,0.003750659,-0.01059961,-0.06640808,352.1898,354.2124,358.7971,0.04138617,-0.255539,0.2070786,341.3474,351.8205,350.3401,0,0
2018/07/11 - 02:45:05.0795697,4.227859,0.004373502,-0.0099276,-0.06733539,351.7721,354.5885,358.6329,0.04091343,-0.2472217,0.2026626,338.9094,351.1825,350.6464,0,0
2018/07/11 - 02:45:05.1005147,4.246146,0.004995268,-0.009435991,-0.0683342,351.5416,355.0042,358.5439,0.04007873,-0.2415181,0.1987481,337.0742,349.0324,351.9585,0,0
2018/07/11 - 02:45:05.1244498,4.266747,0.005512305,-0.008915599,-0.06917103,351.2592,355.4462,358.3154,0.04011623,-0.2387282,0.1987402,337.9949,348.6664,353.9114,0,0
2018/07/11 - 02:45:05.1463910,4.29014,0.006018923,-0.008222396,-0.07004964,351.0202,355.8038,358.0427,0.04294043,-0.2362533,0.2005478,338.5848,350.5677,353.7063,0,0
2018/07/11 - 02:45:05.1673582,4.312327,0.006583612,-0.007851218,-0.07086867,350.8508,356.292,357.8931,0.04689282,-0.2343363,0.2021508,338.8494,352.4803,351.8189,0,0
2018/07/11 - 02:45:05.1913015,4.333978,0.007309418,-0.007754623,-0.07164867,350.8124,356.712,357.8444,0.04877416,-0.2344873,0.2035871,340.2588,352.5691,351.0097,1,0
2018/07/11 - 02:45:05.2122684,4.356594,0.007854421,-0.007732685,-0.07221885,350.6773,357.2017,357.721,0.0498717,-0.2352527,0.2055929,341.5113,352.7213,351.5502,1,0
2018/07/11 - 02:45:05.2341885,4.37827,0.008552175,-0.007723854,-0.0727874,350.59,357.6443,357.5766,0.05274991,-0.2358942,0.2071044,341.2293,355.1575,351.6328,1,0
2018/07/11 - 02:45:05.2551312,4.401005,0.009193525,-0.007853854,-0.07328425,350.5943,358.0226,357.4638,0.05672862,-0.236567,0.2085771,341.1476,358.2658,350.9193,1,0
2018/07/11 - 02:45:05.2790669,4.421706,0.009866111,-0.007938536,-0.07365632,350.667,358.3573,357.3596,0.05916851,-0.2378374,0.2087591,341.5378,358.5477,351.1402,1,0
2018/07/11 - 02:45:05.3010330,4.444951,0.01051765,-0.007842782,-0.07401536,350.7892,358.7154,357.2685,0.06147251,-0.2395537,0.2084036,342.0569,357.8371,351.1829,1,0
2018/07/11 - 02:45:05.3229500,4.467197,0.0112585,-0.007865747,-0.07431772,350.7822,359.0273,357.1614,0.06418299,-0.2412828,0.2080118,342.2546,358.1246,351.2569,1,0
2018/07/11 - 02:45:05.3458881,4.489031,0.01190209,-0.007764988,-0.07441785,350.813,359.4133,357.0879,0.06741294,-0.2433064,0.2074379,342.1548,358.541,350.8357,1,0
2018/07/11 - 02:45:05.3758335,4.512006,0.01262867,-0.007627015,-0.07460497,350.8666,359.5983,357.0579,0.07095066,-0.2457858,0.2076531,342.9271,0.081077,350.5596,1,0
2018/07/11 - 02:45:05.3927622,4.541698,0.01339758,-0.007432992,-0.07496406,350.9093,359.7874,357.0361,0.07448029,-0.2479068,0.2084152,344.0529,0.3304532,349.2972,1,0
2018/07/11 - 02:45:05.4117127,4.559702,0.01427826,-0.007284788,-0.07531498,350.996,0.04873217,357.0905,0.07705054,-0.2499361,0.2088831,344.8649,0.01661511,348.692,1,0
2018/07/11 - 02:45:05.4346502,4.578153,0.01511948,-0.007263971,-0.07576167,351.1299,0.403641,357.0465,0.07871975,-0.2515339,0.2085751,344.7453,359.8107,349.2469,1,0
2018/07/11 - 02:45:05.4565922,4.600716,0.0160142,-0.007380703,-0.07614668,351.1977,0.7667196,357.2992,0.08046915,-0.2525136,0.2079251,344.186,0.3374554,350.2004,1,0
2018/07/11 - 02:45:05.4795306,4.622711,0.01681252,-0.007165087,-0.07622103,351.2162,0.9812732,357.4923,0.08322345,-0.2531156,0.2071409,343.6911,0.717225,349.9769,1,0
2018/07/11 - 02:45:05.5004742,4.645905,0.01735529,-0.007000322,-0.076134,351.2209,1.317874,357.6022,0.08675342,-0.2538354,0.206564,343.885,1.093247,349.29,1,0
2018/07/11 - 02:45:05.5234376,4.66743,0.01761061,-0.007039553,-0.07590247,351.5076,1.525953,357.7237,0.09021641,-0.2546572,0.2051115,343.3497,0.5901753,348.985,1,0
2018/07/11 - 02:45:05.5473559,4.690161,0.01756058,-0.007586774,-0.07480109,351.6959,1.61308,358.149,0.09377652,-0.25666,0.2041581,342.819,359.7848,349.4756,1,0
2018/07/11 - 02:45:05.5682938,4.713523,0.0172004,-0.008091601,-0.07290643,351.7305,1.74656,358.3097,0.09790599,-0.2593518,0.2048324,343.3041,0.1490868,350.143,1,0
2018/07/11 - 02:45:05.5912319,4.73462,0.01665417,-0.008925709,-0.07054773,352.0389,2.081395,358.4821,0.1025271,-0.2627922,0.2053237,343.3552,0.3601374,350.2742,1,0
2018/07/11 - 02:45:05.6131731,4.757366,0.01563287,-0.01029923,-0.06794988,353.1683,2.246974,358.7978,0.1069997,-0.2671727,0.2059485,343.6875,0.1272105,350.2751,1,0
2018/07/11 - 02:45:05.6351145,4.78002,0.01458074,-0.01208283,-0.06507809,354.4295,2.210431,359.3279,0.1109184,-0.2719348,0.2068707,344.3932,359.6741,350.1423,1,0
2018/07/11 - 02:45:05.6580523,4.801003,0.01336035,-0.01416685,-0.06198744,355.6682,2.200076,359.7431,0.1135161,-0.2779377,0.2081423,345.251,358.7067,350.2962,1,0
2018/07/11 - 02:45:05.6799946,4.823867,0.01206511,-0.01643057,-0.05914546,357.1479,2.149229,0.1039948,0.1164354,-0.2839974,0.2104317,346.431,358.6629,350.2058,1,0
2018/07/11 - 02:45:05.7029324,4.845576,0.01072783,-0.01909619,-0.05681555,358.979,1.991688,0.5124161,0.1198626,-0.2903528,0.2131253,348.1865,0.6392534,350.0471,1,0
2018/07/11 - 02:45:05.7228796,4.869446,0.009386275,-0.02160313,-0.05450948,0.6027351,1.799953,0.8792669,0.1219709,-0.296063,0.214171,349.0188,1.235847,350.735,1,0
2018/07/11 - 02:45:05.7466008,4.889685,0.008310322,-0.02334988,-0.0523095,1.828015,1.470951,1.179755,0.123701,-0.3016674,0.2142233,349.2968,0.06939328,351.0944,1,0
2018/07/11 - 02:45:05.7685410,4.912545,0.007339131,-0.02471834,-0.04999547,2.771917,1.116483,1.371608,0.1247556,-0.3074841,0.2139967,349.548,358.7556,352.3061,1,0
2018/07/11 - 02:45:05.7924804,4.934529,0.006547942,-0.02671113,-0.04801135,3.96465,0.7887655,1.552025,0.1252339,-0.3141166,0.2147259,350.2035,358.0038,354.9202,1,0
2018/07/11 - 02:45:05.8134248,4.958551,0.006019236,-0.02896723,-0.04626269,5.740727,0.3141696,1.562476,0.1262137,-0.3211485,0.2165307,351.6537,358.1455,358.1577,1,0
2018/07/11 - 02:45:05.8343630,4.980054,0.005556691,-0.03146697,-0.04458673,7.305092,0.01979106,1.442535,0.1287679,-0.32768,0.218741,353.4254,358.0235,359.2008,1,0
2018/07/11 - 02:45:05.8652821,5.000907,0.005195846,-0.03369651,-0.04274175,8.468632,359.7615,1.349336,0.1332288,-0.3329729,0.2208489,354.5775,359.5618,359.2071,1,0
2018/07/11 - 02:45:05.8852073,5.030585,0.004850194,-0.03589118,-0.0416196,9.99728,359.3467,1.203467,0.1380407,-0.3380608,0.2227564,354.7018,0.04879265,359.7944,1,0
2018/07/11 - 02:45:05.9021599,5.051281,0.00443982,-0.03823896,-0.04042186,11.29436,359.0133,1.153836,0.1421822,-0.3434451,0.2257127,354.8474,1.159093,1.245597,1,0
2018/07/11 - 02:45:05.9231041,5.068554,0.004002638,-0.03993645,-0.03959583,12.31066,358.6597,0.9359283,0.1456186,-0.3490103,0.2292046,354.4879,3.792459,5.031123,1,0
2018/07/11 - 02:45:05.9470397,5.089764,0.003664275,-0.04127769,-0.03890944,12.78883,358.3214,0.8231478,0.1496605,-0.3548144,0.2336175,353.1969,7.898948,10.51355,1,0
2018/07/11 - 02:45:05.9679839,5.112929,0.003410774,-0.04275142,-0.03871632,13.43348,358.0411,0.8227354,0.1549312,-0.3599735,0.2385799,351.8789,11.69604,14.767,1,0
2018/07/11 - 02:45:05.9899293,5.134068,0.003181361,-0.04426617,-0.03894507,14.45479,357.7578,0.9310588,0.1609534,-0.3651396,0.2433943,350.8467,13.13062,17.11637,1,0
2018/07/11 - 02:45:06.0128645,5.156785,0.002987471,-0.0457924,-0.03928206,15.48389,357.4284,0.9896575,0.167093,-0.3713436,0.2490463,350.2065,14.15843,20.0225,1,0
2018/07/11 - 02:45:06.0348117,5.179457,0.003179576,-0.04618914,-0.03898714,15.40202,357.2043,0.7759365,0.1736877,-0.3780816,0.2557725,348.7632,16.82681,24.274,1,0
2018/07/11 - 02:45:06.0577435,5.201699,0.003795657,-0.04644327,-0.03875852,15.15185,357.4756,1.014376,0.1805974,-0.3845354,0.2622524,345.5826,18.93172,28.24954,1,0
2018/07/11 - 02:45:06.0826778,5.223935,0.00434437,-0.04708365,-0.03908118,15.67849,357.5847,0.8275505,0.187361,-0.3907724,0.2693852,342.6707,20.00865,31.196,1,0
2018/07/11 - 02:45:06.1066138,5.249464,0.005074139,-0.04815118,-0.03956,16.27918,358.0364,0.7027949,0.1940008,-0.3977776,0.2771054,340.4749,20.87442,33.27902,1,0
2018/07/11 - 02:45:06.1255626,5.272371,0.005296796,-0.04930847,-0.03919879,16.71794,357.87,0.6485983,0.1998545,-0.4055239,0.283875,337.0192,21.3586,36.13653,1,0
2018/07/11 - 02:45:06.1504952,5.292361,0.005376983,-0.05062022,-0.03875605,16.91224,357.8783,0.2146987,0.2064607,-0.4135149,0.290679,332.5622,21.45689,40.82601,1,0
2018/07/11 - 02:45:06.1734347,5.316234,0.005359035,-0.05087238,-0.03828943,17.26931,357.9915,359.9209,0.2141866,-0.4201133,0.2981584,328.5606,20.89235,45.23133,1,0
2018/07/11 - 02:45:06.1963728,5.339532,0.005316081,-0.05063241,-0.03717773,16.50622,358.0671,359.4267,0.223377,-0.4268132,0.306811,325.5293,22.21936,47.09175,1,0
2018/07/11 - 02:45:06.2173164,5.361933,0.005097595,-0.05005667,-0.03622206,15.71974,358.0396,359.4966,0.2329982,-0.4346367,0.314978,323.0548,24.09853,49.46992,1,0
2018/07/11 - 02:45:06.2352685,5.383196,0.004742153,-0.04955079,-0.0349381,15.03613,358.0985,359.5751,0.2410132,-0.440458,0.3206782,319.6249,23.85782,52.94712,1,0
2018/07/11 - 02:45:06.2572108,5.401923,0.004000645,-0.04826175,-0.0335899,14.29764,358.0749,359.4651,0.247467,-0.4426851,0.3247092,315.2714,23.06345,54.52348,1,0
2018/07/11 - 02:45:06.2791508,5.423443,0.003121808,-0.04596106,-0.03198301,13.17515,357.8929,359.1298,0.2557279,-0.442935,0.3297985,312.7516,26.03405,53.87069,1,0
2018/07/11 - 02:45:06.3020900,5.444693,0.002191235,-0.04167746,-0.03007622,11.29662,357.2411,359.1381,0.2640719,-0.4453496,0.3359177,310.2382,28.49457,56.0872,1,0
2018/07/11 - 02:45:06.3260263,5.469021,0.001038413,-0.03708044,-0.02779864,8.78234,356.8511,359.4165,0.2699137,-0.4493463,0.3416081,305.3295,26.45665,61.54586,1,0
2018/07/11 - 02:45:06.3549721,5.492283,-0.0001606569,-0.0320467,-0.02562321,6.4258,356.5664,359.7932,0.2758996,-0.453625,0.3475662,302.4627,23.63317,66.25347,1,0
2018/07/11 - 02:45:06.3768894,5.513798,-0.00143614,-0.02611997,-0.02389053,4.103935,356.2182,0.6305419,0.2835405,-0.4600965,0.3543435,303.4442,21.39297,71.73915,1,0
2018/07/11 - 02:45:06.3938448,5.543728,-0.002796131,-0.02037119,-0.02187268,1.780584,355.9132,1.25681,0.289407,-0.4659355,0.3596636,303.6728,17.54565,77.46212,1,0
2018/07/11 - 02:45:06.4127935,5.560179,-0.004696817,-0.014306,-0.01985549,359.7101,355.6028,2.060758,0.2935749,-0.4709214,0.3637655,304.0011,13.30874,82.18985,1,0
2018/07/11 - 02:45:06.4347401,5.579536,-0.006971746,-0.008401728,-0.01805183,357.6504,355.153,2.441881,0.2967843,-0.4741301,0.3672009,303.8213,10.76384,84.95841,1,0
2018/07/11 - 02:45:06.4566841,5.601214,-0.009398717,-0.00307968,-0.01595982,355.593,354.5915,2.587533,0.3019696,-0.4789434,0.3713844,303.069,8.441345,89.7216,1,0
2018/07/11 - 02:45:06.4806425,5.623525,-0.011574,0.0020146,-0.01390889,353.6199,354.043,3.157308,0.3077267,-0.4855604,0.3752308,302.5976,5.327051,94.56731,1,0
2018/07/11 - 02:45:06.5025537,5.646531,-0.01348873,0.006949671,-0.0122353,352.2781,353.4429,3.781413,0.31273,-0.4927457,0.3780326,303.8266,3.558328,96.60897,1,0
2018/07/11 - 02:45:06.5254950,5.668508,-0.01581913,0.01075695,-0.01065765,351.2205,353.005,4.15144,0.3175248,-0.4982934,0.3803946,305.837,3.58829,97.13245,1,0
2018/07/11 - 02:45:06.5474327,5.691832,-0.0180404,0.01422161,-0.008621936,349.871,352.4482,4.633574,0.3227269,-0.5013885,0.3821891,307.0926,4.668076,96.5608,1,0
2018/07/11 - 02:45:06.5703936,5.714409,-0.02056101,0.01791459,-0.006851735,349.0868,351.9792,5.266096,0.3286804,-0.5042654,0.3830275,307.8021,5.462495,96.82037,1,0
2018/07/11 - 02:45:06.5923128,5.736512,-0.02243017,0.02067316,-0.004790578,348.5268,351.1383,5.797038,0.3347964,-0.5072737,0.3828869,307.7999,4.974339,98.23188,1,0
2018/07/11 - 02:45:06.6142545,5.758292,-0.02366289,0.02183408,-0.003176046,348.4449,350.6833,5.953434,0.3409249,-0.5102436,0.3827038,307.2159,4.17617,99.34478,1,0
2018/07/11 - 02:45:06.6372142,5.781086,-0.02369582,0.01985749,-0.002616529,348.8504,350.3554,6.118193,0.3464463,-0.512368,0.3830591,306.3905,4.737431,98.68926,1,0
2018/07/11 - 02:45:06.6601310,5.803175,-0.02246111,0.0158706,-0.001640537,350.0256,350.0002,6.447044,0.3521798,-0.5137378,0.3840927,305.1298,7.448635,96.23875,1,0
2018/07/11 - 02:45:06.6820727,5.82568,-0.02194552,0.01160537,-0.002625304,351.877,350.9638,6.492569,0.3583904,-0.5162807,0.3867377,310.0577,8.284433,98.18714,1,0
2018/07/11 - 02:45:06.7070079,5.848205,-0.02100808,0.009604921,-0.0006442335,353.2161,350.2591,6.500706,0.3634868,-0.5208518,0.3882142,311.5104,7.083314,99.69023,1,0
2018/07/11 - 02:45:06.7269531,5.872767,-0.02219216,0.009220352,0.002888787,353.7524,350.2728,6.626553,0.3674,-0.5252885,0.3898408,315.2552,5.4456,101.3523,1,0
2018/07/11 - 02:45:06.7499171,5.893895,-0.0232663,0.009918544,0.005747728,353.3467,350.5857,6.819046,0.3709256,-0.5294714,0.3918826,318.1647,5.197021,101.4587,1,0
2018/07/11 - 02:45:06.7708607,5.91623,-0.02391753,0.01032115,0.007551815,352.2579,350.7103,7.135808,0.3751101,-0.5334117,0.3934058,320.8164,5.736271,101.581,1,0
2018/07/11 - 02:45:06.7918048,5.937686,-0.024858,0.01144646,0.00924967,351.1729,350.7593,7.2005,0.3790061,-0.5369923,0.3944674,323.6737,6.295071,101.0506,1,0
2018/07/11 - 02:45:06.8147441,5.958656,-0.02553977,0.01270996,0.0110945,350.1577,350.8833,7.311543,0.3822313,-0.5407751,0.3954423,327.2243,7.177563,99.36797,1,0
2018/07/11 - 02:45:06.8367077,5.981532,-0.0262283,0.01389858,0.01278156,349.2717,351.0398,7.313126,0.3838949,-0.5378061,0.3948752,323.6461,6.591854,97.85522,1,0
2018/07/11 - 02:45:06.8676253,6.003606,-0.02677802,0.01508587,0.01420576,348.7288,350.8729,7.109386,0.3856127,-0.5376455,0.3946008,322.8196,5.170805,98.54081,1,0
2018/07/11 - 02:45:06.8855774,6.033684,-0.02714118,0.01580282,0.01602331,348.1547,350.825,7.043793,0.3875152,-0.5392643,0.3940384,322.9753,3.6659,99.56759,1,0
2018/07/11 - 02:45:06.9045552,6.052236,-0.02762481,0.01638229,0.01790611,347.7326,350.9712,6.830902,0.3892029,-0.540311,0.3943258,323.0292,5.478751,98.90891,1,0
2018/07/11 - 02:45:06.9264747,6.071169,-0.02839591,0.01667067,0.01963621,347.4193,351.2489,6.637325,0.3903321,-0.5416754,0.3947766,322.9544,6.048864,98.80752,1,0
2018/07/11 - 02:45:06.9494359,6.093134,-0.02905192,0.016905,0.02141078,347.1889,351.315,6.581189,0.3908225,-0.5430699,0.3944229,322.9784,5.074809,98.95368,1,0
2018/07/11 - 02:45:06.9723643,6.115625,-0.02974582,0.01714127,0.02294888,347.109,351.3366,6.520076,0.3908696,-0.5450254,0.3943161,322.7325,4.001605,100.5043,1,0
2018/07/11 - 02:45:06.9942864,6.138525,-0.0305319,0.01790695,0.02408451,346.8531,351.4174,6.41901,0.3904099,-0.5479134,0.3942506,322.2508,2.163427,103.8052,1,0
2018/07/11 - 02:45:07.0152388,6.160804,-0.03131281,0.01871636,0.02517791,346.4529,351.4298,6.451552,0.3898555,-0.5508803,0.3940336,321.7346,359.6352,107.79,1,0
2018/07/11 - 02:45:07.0381689,6.182221,-0.03206956,0.01965398,0.02645591,346.0118,351.2823,6.548252,0.3900731,-0.5518836,0.3930856,320.4802,357.8735,110.0837,1,0
2018/07/11 - 02:45:07.0601098,6.204463,-0.03267461,0.02048057,0.02819677,345.4297,351.4482,6.595156,0.3907908,-0.5532674,0.392879,319.8197,357.2104,111.3926,1,0
2018/07/11 - 02:45:07.0830479,6.22659,-0.03309501,0.02102159,0.03024109,345.1154,351.6966,6.389997,0.3914922,-0.5549739,0.3926622,319.5798,356.3898,112.6254,1,0
2018/07/11 - 02:45:07.1049902,6.249227,-0.03362148,0.02100412,0.03269134,344.907,351.9996,6.301019,0.3923863,-0.556572,0.3924802,319.3311,355.9278,113.307,1,0
2018/07/11 - 02:45:07.1279286,6.271746,-0.03416592,0.02043361,0.0350723,344.9099,352.2509,6.453861,0.3933868,-0.5580496,0.3923351,319.1675,355.5647,113.8692,1,0
2018/07/11 - 02:45:07.1504636,6.294358,-0.03435171,0.0196507,0.03751539,345.0779,352.4157,6.582552,0.3945251,-0.5595995,0.3922746,319.136,355.4265,114.0719,1,0
2018/07/11 - 02:45:07.1724284,6.316406,-0.03430832,0.01887616,0.03959114,345.4113,352.7221,6.797375,0.395781,-0.5611323,0.3922429,319.1502,355.4352,114.0588,1,0
2018/07/11 - 02:45:07.1953682,6.338578,-0.03375931,0.0179565,0.04149367,345.617,353.1689,6.986399,0.3941593,-0.5589086,0.3923659,319.213,355.61,113.7913,1,0
2018/07/11 - 02:45:07.2173105,6.361533,-0.0330072,0.01711796,0.04291309,346.011,353.9155,7.110312,0.3941244,-0.5588362,0.3923508,319.3272,355.8806,113.3816,1,0
2018/07/11 - 02:45:07.2387342,6.383619,-0.03190915,0.01625994,0.04375048,346.5288,354.8522,7.287734,0.3940609,-0.5587037,0.3923263,319.5183,356.3753,112.6319,1,0
2018/07/11 - 02:45:07.2616729,6.405106,-0.03062105,0.01526209,0.04380447,347.0522,355.9617,7.35484,0.3939754,-0.5585194,0.392293,319.8139,357.0565,111.611,1,0
2018/07/11 - 02:45:07.2836331,6.427896,-0.02938499,0.01451016,0.04344676,347.3695,357.0865,7.394517,0.3938688,-0.5582771,0.3922472,320.2151,357.9117,110.2939,1,0
2018/07/11 - 02:45:07.3055756,6.450042,-0.02846195,0.01392362,0.04278472,347.5602,358.1901,7.353976,0.3937377,-0.5579646,0.3921951,320.7395,358.9925,108.6318,1,0
2018/07/11 - 02:45:07.3274971,6.47166,-0.02765917,0.01361439,0.04203204,347.6582,358.8612,7.540461,0.3935818,-0.5575632,0.3921318,321.4523,0.318523,106.5641,1,0
2018/07/11 - 02:45:07.3584133,6.494423,-0.02726984,0.01361313,0.0413,347.7626,359.4011,7.714526,0.3933994,-0.5570465,0.3920613,322.39,1.943935,103.9905,1,0
2018/07/11 - 02:45:07.3783827,6.523903,-0.02681874,0.01344809,0.04079382,347.8609,359.8874,7.834766,0.3932172,-0.5565014,0.3920361,322.8335,3.699471,101.1052,1,0
2018/07/11 - 02:45:07.3983082,6.544599,-0.02646559,0.01329108,0.04018424,348.0487,0.1651046,7.851046,0.3931861,-0.5564271,0.3920597,322.7106,4.044693,100.6272,1,0
2018/07/11 - 02:45:07.4162595,6.56429,-0.02630478,0.01312201,0.03956461,348.0208,0.3887482,7.954302,0.3932167,-0.5565171,0.3920546,322.7071,3.722747,101.1339,1,0
2018/07/11 - 02:45:07.4391967,6.583581,-0.02615259,0.01297614,0.03899744,347.9025,0.5904966,8.014487,0.3933481,-0.5569186,0.3920758,322.2936,2.435457,103.22,1,0
2018/07/11 - 02:45:07.4651278,6.604774,-0.02615464,0.01278977,0.03859394,348.04,0.8588383,8.062339,0.3935612,-0.5574891,0.3920988,321.8819,0.5051759,106.309,1,0
2018/07/11 - 02:45:07.4880659,6.631069,-0.0263266,0.01246917,0.03810349,348.0388,0.9318213,8.222459,0.3937418,-0.5579895,0.3922189,320.5498,358.9658,108.7081,1,0
2018/07/11 - 02:45:07.5100076,6.654224,-0.026404,0.01261032,0.03809704,348.0135,0.7664579,8.170925,0.3938105,-0.558149,0.3922369,320.3797,358.4005,109.5903,1,0
2018/07/11 - 02:45:07.5269621,6.676416,-0.02638989,0.01253003,0.03773691,348.028,0.7882969,8.16362,0.3938579,-0.5582532,0.392245,320.2778,358.0101,110.1738,1,0
2018/07/11 - 02:45:07.5459112,6.693191,-0.02644466,0.01236513,0.03701686,348.0092,0.9360598,8.164484,0.3938454,-0.5582233,0.3922387,320.3278,358.1095,110.0132,1,0
2018/07/11 - 02:45:07.5598746,6.711426,-0.02646467,0.01240429,0.03667767,347.9056,0.9948384,8.195416,0.39383,-0.558192,0.39224,320.3349,358.2383,109.8297,1,0
2018/07/11 - 02:45:07.5778261,6.726567,-0.02669741,0.01240616,0.03605581,347.7725,0.9951488,8.259361,0.3938119,-0.5581471,0.3922296,320.4333,358.3869,109.5984,1,0
2018/07/11 - 02:45:07.5917891,6.744194,-0.02684652,0.01241509,0.03582536,347.7826,0.9068412,8.414312,0.3937771,-0.5580623,0.3922131,320.599,358.6743,109.1562,1,0
2018/07/11 - 02:45:07.6087440,6.758972,-0.02708454,0.01229893,0.03536379,347.7724,0.6779773,8.486546,0.3937377,-0.5579661,0.3921972,320.7524,358.9995,108.645,1,0
2018/07/11 - 02:45:07.6276925,6.775194,-0.02704295,0.01235126,0.03519131,347.7918,0.5742636,8.436527,0.3936524,-0.5577537,0.3921666,321.1295,359.7261,107.5439,1,0
2018/07/11 - 02:45:07.6436503,6.793715,-0.02696601,0.01228678,0.03493226,347.8129,0.4599443,8.387891,0.3935801,-0.5575619,0.3921356,321.4761,0.3445329,106.5656,1,0
2018/07/11 - 02:45:07.6606046,6.810067,-0.0267359,0.01225666,0.03467901,347.9044,0.3149073,8.126356,0.3934004,-0.5570498,0.3920619,322.4168,1.93828,104.021,1,0
2018/07/11 - 02:45:07.6755655,6.826627,-0.02634063,0.01219509,0.03456197,347.9022,0.1618898,7.848459,0.3932941,-0.5567262,0.3920308,322.9662,2.93924,102.4343,1,0
2018/07/11 - 02:45:07.6895274,6.842463,-0.02594894,0.01219834,0.03452709,347.8588,0.01206278,7.66737,0.3932279,-0.5565582,0.3920622,322.7697,3.622766,101.3953,1,0
2018/07/11 - 02:45:07.7054844,6.856341,-0.02523629,0.01197001,0.0346328,347.6886,359.844,7.433321,0.3932541,-0.5566337,0.3920586,322.5551,3.343164,101.7215,1,0
2018/07/11 - 02:45:07.7194466,6.87148,-0.02472352,0.01168668,0.035006,347.5886,359.9678,7.467916,0.3933175,-0.5568271,0.392069,322.3948,2.725392,102.7449,1,0
2018/07/11 - 02:45:07.7383968,6.885813,-0.02417905,0.01120722,0.03567321,347.5233,0.3377213,7.906689,0.3934613,-0.5572251,0.3920805,322.1229,1.382874,104.8944,1,0
2018/07/11 - 02:45:07.7643267,6.904935,-0.02301878,0.01027462,0.03659939,347.7772,0.2640711,8.198684,0.3937414,-0.5579244,0.392124,321.5792,358.9991,108.7092,1,0
2018/07/11 - 02:45:07.7962666,6.929919,-0.0201437,0.009684822,0.03723429,348.3305,0.09773436,7.435841,0.3937411,-0.5579738,0.3921975,320.7743,358.9767,108.6988,1,0
2018/07/11 - 02:45:07.8131964,6.962397,-0.018174,0.01006163,0.03725697,348.3542,0.4073388,6.688696,0.3937163,-0.5579182,0.3921963,320.7916,359.183,108.3784,1,0
2018/07/11 - 02:45:07.8331430,6.97946,-0.01648404,0.01112358,0.03678927,347.9029,0.7123505,5.878309,0.3936768,-0.5578153,0.3921753,321.0086,359.5145,107.8575,1,0
2018/07/11 - 02:45:07.8580771,7.000023,-0.01545161,0.01213369,0.03673179,347.7159,0.367559,5.332264,0.393612,-0.5576462,0.3921474,321.3257,0.06771696,106.9944,1,0
2018/07/11 - 02:45:07.8800174,7.024184,-0.01449581,0.01246602,0.03718856,347.8086,359.8121,4.979903,0.3934982,-0.557338,0.3921049,321.855,1.061434,105.429,1,0
2018/07/11 - 02:45:07.9049705,7.046203,-0.01360644,0.01329478,0.03780529,347.7188,359.5578,5.023485,0.3933568,-0.5569223,0.3920517,322.5966,2.344423,103.3757,1,0
2018/07/11 - 02:45:07.9239005,7.071207,-0.01245372,0.01422793,0.0382265,347.4036,359.245,4.883423,0.3932665,-0.5566981,0.3920898,322.2453,3.243618,101.9438,1,0
2018/07/11 - 02:45:07.9478362,7.090292,-0.01111234,0.01460146,0.03810181,347.2014,359.0853,4.845028,0.3933558,-0.556942,0.392078,322.2652,2.36279,103.3405,1,0
2018/07/11 - 02:45:07.9687937,7.113985,-0.009781606,0.01540845,0.03803134,347.2566,359.0885,4.435402,0.3934929,-0.5573152,0.3920924,321.9868,1.104311,105.3528,1,0
2018/07/11 - 02:45:07.9907209,7.135423,-0.008392401,0.01642492,0.03774649,346.6748,359.2129,4.165189,0.393632,-0.5577239,0.3921911,320.8361,359.8918,107.2559,1,0
2018/07/11 - 02:45:08.0146571,7.157281,-0.007365428,0.01804479,0.03787522,346.0135,359.029,4.173099,0.3936482,-0.557747,0.3921708,321.0922,359.7625,107.4905,1,0
2018/07/11 - 02:45:08.0346043,7.180938,-0.006499909,0.01911067,0.03819891,345.6793,358.7241,4.446176,0.3936071,-0.5576366,0.3921502,321.312,0.1121927,106.9339,1,0
2018/07/11 - 02:45:08.0585408,7.201262,-0.005217258,0.02022429,0.0386349,345.4318,358.8284,4.383653,0.3935381,-0.5574538,0.3921268,321.5984,0.7119069,105.9901,1,0
2018/07/11 - 02:45:08.0804814,7.224534,-0.00399904,0.02122688,0.0392657,345.0643,359.4914,3.579257,0.3934298,-0.5571429,0.3920803,322.1987,1.675902,104.4572,1,0
2018/07/11 - 02:45:08.1024481,7.246738,-0.003491434,0.02195359,0.04012226,344.7627,359.7126,3.057505,0.3933055,-0.5567654,0.3920377,322.6848,2.818191,102.527,1,0
2018/07/11 - 02:45:08.1273679,7.268607,-0.003811188,0.02243125,0.04086897,344.6922,359.2794,3.112194,0.3933816,-0.5570087,0.3920738,322.1837,2.106692,103.6851,1,0
2018/07/11 - 02:45:08.1473202,7.293998,-0.004022408,0.02323371,0.0416246,344.5996,358.6033,3.288648,0.393523,-0.5573854,0.3920859,321.9633,0.8252254,105.746,1,0
2018/07/11 - 02:45:08.1692668,7.313731,-0.003792066,0.02424621,0.04216757,344.135,357.9051,3.306681,0.3936029,-0.5576133,0.3921315,321.4462,0.1358466,106.8517,1,0
2018/07/11 - 02:45:08.1921827,7.335547,-0.003498349,0.02551814,0.04292107,343.4037,357.7654,2.923886,0.3935662,-0.5575294,0.3921368,321.4422,0.4610588,106.3638,1,0
2018/07/11 - 02:45:08.2141509,7.358246,-0.003153134,0.02684804,0.0443551,343.0184,357.6549,2.705812,0.3935063,-0.5573577,0.392104,321.7993,0.9800274,105.5189,1,0
2018/07/11 - 02:45:08.2350870,7.380332,-0.002844212,0.02776017,0.04602193,342.6334,357.5631,2.629716,0.3934017,-0.557053,0.3920617,322.3722,1.921784,104.0193,1,0
2018/07/11 - 02:45:08.2589243,7.401726,-0.002337969,0.02838913,0.0476426,342.1825,357.5733,2.50092,0.3933533,-0.5569329,0.3920758,322.1712,2.375147,103.2468,1,0
2018/07/11 - 02:45:08.2908389,7.42521,-0.002048432,0.0286953,0.04993061,342.0202,357.6761,2.365706,0.3934722,-0.5572508,0.3920778,322.0657,1.273896,105.017,1,0
2018/07/11 - 02:45:08.3108040,7.456918,-0.002038058,0.0292323,0.05210886,341.9699,357.604,2.16082,0.3935434,-0.5574636,0.3921226,321.5504,0.6502033,106.0271,1,0
2018/07/11 - 02:45:08.3277403,7.47654,-0.001918583,0.02970586,0.05439971,341.7209,357.6667,2.020729,0.3935175,-0.5573885,0.3921078,321.7252,0.8774465,105.6654,1,0
2018/07/11 - 02:45:08.3467079,7.493944,-0.001820158,0.03027275,0.0566658,341.5419,357.6618,1.853217,0.3934543,-0.5572079,0.3920818,322.0713,1.44169,104.774,1,0
2018/07/11 - 02:45:08.3696286,7.512626,-0.002012536,0.03087451,0.05912668,341.2933,357.6403,1.79537,0.393356,-0.5569138,0.3920445,322.5956,2.340904,103.3272,1,0
2018/07/11 - 02:45:08.3905728,7.535974,-0.002149654,0.03133717,0.06170658,340.9129,357.629,1.893885,0.3934435,-0.5571789,0.3920807,322.0513,1.534898,104.5997,1,0
2018/07/11 - 02:45:08.4135112,7.557424,-0.002119351,0.03167923,0.06438053,340.6621,357.7132,1.854556,0.3935543,-0.5574906,0.3921234,321.4915,0.5478723,106.1594,1,0
2018/07/11 - 02:45:08.4354520,7.579899,-0.002046104,0.03169509,0.06717442,340.5416,357.999,1.728375,0.3934999,-0.5573353,0.3920961,321.8421,1.029205,105.4084,1,0
2018/07/11 - 02:45:08.4583907,7.601887,-0.001889874,0.03158143,0.06977715,340.4762,358.2502,1.560754,0.3934317,-0.5571379,0.3920682,322.2043,1.6396,104.4311,1,0
2018/07/11 - 02:45:08.4813297,7.624664,-0.001784152,0.03141232,0.07246251,340.3634,358.4615,1.556115,0.3934125,-0.5570924,0.3920744,322.1134,1.814039,104.1315,1,0
2018/07/11 - 02:45:08.5032717,7.647408,-0.001661517,0.0310921,0.07513323,340.3251,358.5976,1.619233,0.3935317,-0.5574249,0.3921095,321.7144,0.7547185,105.8709,1,0
2018/07/11 - 02:45:08.5252120,7.669421,-0.001594286,0.03076775,0.07759731,340.5161,358.7851,1.58949,0.3934894,-0.5573046,0.3920904,321.9045,1.12035,105.2581,1,0
2018/07/11 - 02:45:08.5513384,7.691738,-0.001309268,0.03067805,0.07964098,340.5715,358.9337,1.428616,0.3934115,-0.5570765,0.3920585,322.3258,1.821721,104.1332,1,0
2018/07/11 - 02:45:08.5703108,7.717679,-0.0008955747,0.03076743,0.08130345,340.5755,359.0923,1.343225,0.3934462,-0.5571821,0.3920756,322.0945,1.506836,104.636,1,0
2018/07/11 - 02:45:08.5922292,7.736517,-0.000542108,0.03090213,0.0827511,340.3887,359.3744,1.104235,0.3935114,-0.5573698,0.3921032,321.7672,0.9288968,105.5755,1,0
2018/07/11 - 02:45:08.6141897,7.758657,-0.0001925826,0.03095984,0.08384,340.223,359.4953,1.070014,0.3934487,-0.5571908,0.3920785,322.0832,1.487988,104.681,1,0
2018/07/11 - 02:45:08.6401005,7.780522,5.476922E-05,0.03097228,0.08446946,340.0729,359.441,1.119276,0.3934497,-0.5571929,0.3920779,322.0705,1.476495,104.6877,1,0
