Date and clock time (yyyy/MM/dd - hh:mm:ss.ffffff):,Gameplay Time (updated every frame) (s):,Headset position x:,Headset position y:,Headset position z:,Headset rotation x:,Headset rotation y:,Headset rotation z:,Right Hand Position x:,Right Hand Position y:,Right Hand Position z:,Right Hand rotation x:,Right Hand rotation y:,Right Hand rotation z:
2018/07/02 - 01:07:05.6247069,30.00019,0.1790726,0.2889223,-0.07920329,334.3191,283.4036,357.9528,-0.1491138,-0.1597909,0.2140304,324.5451,228.916,198.1115
2018/07/02 - 01:07:05.6337053,30.01267,0.1794943,0.2891258,-0.0790759,334.2997,283.5684,357.9185,-0.1491132,-0.159791,0.2140303,324.5466,228.9164,198.1093
2018/07/02 - 01:07:05.6446643,30.02282,0.1798667,0.2892393,-0.078965,334.2013,283.6133,357.8962,-0.1491128,-0.1597911,0.2140304,324.5483,228.9166,198.1082
2018/07/02 - 01:07:05.6546276,30.03409,0.1803371,0.2893681,-0.07887914,334.1935,283.6389,357.9564,-0.1491126,-0.1597912,0.2140305,324.5494,228.9168,198.108
2018/07/02 - 01:07:05.6675919,30.04473,0.1808909,0.2894123,-0.07877965,334.0468,283.648,358.0378,-0.1491121,-0.1597913,0.2140306,324.5511,228.9174,198.107
2018/07/02 - 01:07:05.6775648,30.05652,0.1813789,0.2895026,-0.07864786,333.8906,283.7223,358.0375,-0.1491118,-0.1597913,0.2140306,324.5518,228.9192,198.1057
2018/07/02 - 01:07:05.6955166,30.06766,0.1818017,0.2895978,-0.07844464,333.6952,283.9272,358.0174,-0.149109,-0.1597919,0.2140301,324.559,228.9262,198.0946
2018/07/02 - 01:07:05.7054898,30.08396,0.1822376,0.2896756,-0.07816543,333.5782,284.0971,358.0481,-0.1491094,-0.1597918,0.2140305,324.5591,228.9235,198.0975
2018/07/02 - 01:07:05.7134693,30.09483,0.182601,0.2898087,-0.07798111,333.5389,284.2937,357.9675,-0.1491102,-0.1597917,0.2140311,324.5583,228.9206,198.1023
2018/07/02 - 01:07:05.7234416,30.10296,0.1829024,0.2899028,-0.07772765,333.5154,284.4517,358.0197,-0.1491096,-0.1597918,0.2140305,324.5585,228.9225,198.0979
2018/07/02 - 01:07:05.7334150,30.11229,0.183061,0.2899663,-0.07746805,333.4995,284.6113,358.0771,-0.1491079,-0.1597922,0.2140296,324.5616,228.9259,198.0894
2018/07/02 - 01:07:05.7463806,30.12348,0.1832737,0.290042,-0.07721157,333.5174,284.7274,358.1191,-0.1491081,-0.1597921,0.2140304,324.563,228.9237,198.0931
2018/07/02 - 01:07:05.7553568,30.13478,0.1833344,0.2901199,-0.07697836,333.467,284.8815,358.088,-0.1491103,-0.1597916,0.2140315,324.5596,228.9158,198.1047
2018/07/02 - 01:07:05.7673253,30.14552,0.1834494,0.290218,-0.07668052,333.458,284.9974,358.1011,-0.1491114,-0.1597914,0.2140321,324.5573,228.9129,198.1105
2018/07/02 - 01:07:05.7772990,30.15638,0.1836131,0.2903399,-0.07636902,333.4727,285.124,358.0471,-0.1491106,-0.1597916,0.2140312,324.5577,228.917,198.1045
2018/07/02 - 01:07:05.7892698,30.16732,0.1836924,0.290421,-0.07607989,333.4632,285.2744,358.0191,-0.1491084,-0.159792,0.2140305,324.5623,228.923,198.0946
2018/07/02 - 01:07:05.8002363,30.17835,0.1837785,0.2905606,-0.07587751,333.5535,285.4084,357.9548,-0.1491067,-0.1597924,0.2140304,324.5674,228.9272,198.0883
2018/07/02 - 01:07:05.8112073,30.18952,0.183853,0.2906977,-0.07566586,333.6046,285.5016,357.9247,-0.1491068,-0.1597924,0.2140303,324.567,228.9268,198.0883
2018/07/02 - 01:07:05.8231750,30.20053,0.1839102,0.2908182,-0.07539712,333.6137,285.5517,358.0179,-0.1491075,-0.1597922,0.2140305,324.5653,228.9231,198.0919
2018/07/02 - 01:07:05.8331484,30.21195,0.1840483,0.2909972,-0.07523245,333.6578,285.5638,358.031,-0.1491084,-0.159792,0.2140309,324.5639,228.9187,198.0965
2018/07/02 - 01:07:05.8451161,30.22304,0.1840975,0.2910275,-0.07519262,333.6066,285.4964,358.0601,-0.1491086,-0.159792,0.2140309,324.5632,228.9177,198.0974
2018/07/02 - 01:07:05.8560865,30.23407,0.1842308,0.2911551,-0.07503033,333.555,285.528,358.0448,-0.1491074,-0.1597922,0.21403,324.5648,228.9215,198.0902
2018/07/02 - 01:07:05.8670572,30.24529,0.1844216,0.2913226,-0.07475732,333.4669,285.6199,357.9908,-0.1491062,-0.1597925,0.2140297,324.5677,228.9246,198.085
2018/07/02 - 01:07:05.8770307,30.25599,0.1847085,0.2914617,-0.07436362,333.3273,285.7086,357.8611,-0.1491067,-0.1597924,0.2140299,324.5668,228.923,198.0871
2018/07/02 - 01:07:05.8889987,30.26719,0.1849069,0.2915293,-0.07410351,333.2803,285.773,357.7655,-0.1491083,-0.1597921,0.2140308,324.5641,228.9182,198.0958
2018/07/02 - 01:07:05.8999691,30.2785,0.184966,0.2915281,-0.07388107,333.1805,285.9382,357.6755,-0.1491096,-0.1597918,0.2140311,324.561,228.9137,198.1015
2018/07/02 - 01:07:05.9109423,30.28939,0.1850262,0.2915652,-0.0737008,333.1392,286.0115,357.5714,-0.1491095,-0.1597918,0.2140309,324.5609,228.9141,198.1007
2018/07/02 - 01:07:05.9229083,30.30033,0.1849527,0.2915462,-0.07354826,333.0682,286.0995,357.5092,-0.1491071,-0.1597923,0.21403,324.5658,228.9214,198.0893
2018/07/02 - 01:07:05.9328826,30.31202,0.1849837,0.2915465,-0.07342295,333.0791,286.1121,357.5331,-0.1491062,-0.1597925,0.2140297,324.5677,228.9241,198.0848
2018/07/02 - 01:07:05.9448497,30.3224,0.1849365,0.2915506,-0.07331733,333.0829,286.1696,357.5179,-0.1491074,-0.1597922,0.2140297,324.5639,228.9217,198.089
2018/07/02 - 01:07:05.9548249,30.33381,0.1847571,0.2915107,-0.07317644,333.0229,286.2808,357.4721,-0.1491102,-0.1597917,0.2140312,324.5595,228.9117,198.1039
2018/07/02 - 01:07:05.9657939,30.34475,0.1846915,0.291515,-0.07313047,333.0545,286.3161,357.4491,-0.1491106,-0.1597916,0.2140315,324.5591,228.91,198.1069
2018/07/02 - 01:07:05.9777633,30.35569,0.1845548,0.2915002,-0.07305481,333.0844,286.3973,357.419,-0.1491086,-0.159792,0.2140306,324.5628,228.9161,198.0968
2018/07/02 - 01:07:05.9897327,30.36718,0.1843852,0.291442,-0.07301369,333.0798,286.4232,357.436,-0.1491062,-0.1597925,0.2140293,324.5669,228.9242,198.0837
2018/07/02 - 01:07:05.9987066,30.37862,0.1841497,0.2913557,-0.07296613,333.0788,286.4989,357.4591,-0.1491063,-0.1597925,0.2140294,324.5665,228.9243,198.0844
2018/07/02 - 01:07:06.0116713,30.38874,0.183953,0.2913621,-0.07300625,333.1596,286.5619,357.4312,-0.1491074,-0.1597923,0.2140302,324.5653,228.9202,198.0907
2018/07/02 - 01:07:06.0216444,30.40045,0.1838248,0.2913302,-0.07300364,333.1516,286.5564,357.4677,-0.1491091,-0.1597919,0.2140308,324.5623,228.914,198.0992
2018/07/02 - 01:07:06.0316182,30.41135,0.1835702,0.2912608,-0.0729906,333.1582,286.5719,357.5563,-0.1491092,-0.1597919,0.214031,324.5621,228.9134,198.1
2018/07/02 - 01:07:06.0435861,30.42207,0.1834227,0.2912406,-0.07304306,333.1865,286.5948,357.5913,-0.1491076,-0.1597922,0.2140302,324.5649,228.9173,198.092
2018/07/02 - 01:07:06.0545563,30.43335,0.1833684,0.2912249,-0.07307179,333.2192,286.5706,357.6266,-0.1491063,-0.1597925,0.2140292,324.5664,228.9213,198.084
2018/07/02 - 01:07:06.0665245,30.4448,0.1832255,0.2911622,-0.07310051,333.2156,286.5702,357.7228,-0.1491062,-0.1597925,0.214029,324.5662,228.9229,198.0827
2018/07/02 - 01:07:06.0764974,30.45592,0.1831786,0.2911648,-0.07312987,333.2213,286.568,357.7698,-0.1491075,-0.1597922,0.2140297,324.5641,228.9175,198.0899
2018/07/02 - 01:07:06.0884870,30.4667,0.1832004,0.2911654,-0.07311835,333.2145,286.5327,357.823,-0.1491087,-0.159792,0.2140303,324.5622,228.9145,198.0961
2018/07/02 - 01:07:06.0994367,30.4781,0.1831205,0.291126,-0.07310501,333.1316,286.5209,357.9105,-0.149109,-0.1597919,0.2140308,324.5626,228.9131,198.0989
2018/07/02 - 01:07:06.1104074,30.48893,0.1832366,0.2911501,-0.0730714,333.1256,286.4847,357.9129,-0.1491077,-0.1597922,0.2140303,324.565,228.917,198.0928
2018/07/02 - 01:07:06.1223756,30.50016,0.183316,0.2911586,-0.07302295,333.1128,286.4481,357.9401,-0.1491057,-0.1597926,0.2140294,324.569,228.9215,198.0831
2018/07/02 - 01:07:06.1323485,30.51169,0.1834338,0.2911782,-0.07300024,333.1145,286.4898,357.9381,-0.1491057,-0.1597926,0.2140294,324.5687,228.9219,198.0828
2018/07/02 - 01:07:06.1453331,30.52271,0.1835534,0.2911804,-0.07291175,333.0832,286.4583,357.9267,-0.1491075,-0.1597922,0.2140303,324.5657,228.9158,198.0923
2018/07/02 - 01:07:06.1552875,30.53428,0.1836389,0.2911917,-0.0728373,333.0661,286.4591,357.9297,-0.1491086,-0.159792,0.2140309,324.564,228.9136,198.0978
2018/07/02 - 01:07:06.1682521,30.54483,0.1837251,0.2912173,-0.07271366,333.0298,286.4614,357.9103,-0.1491084,-0.1597921,0.2140309,324.5646,228.9145,198.0971
2018/07/02 - 01:07:06.1832127,30.55692,0.1837892,0.2912648,-0.07247487,332.9819,286.4532,357.8646,-0.1491059,-0.1597926,0.2140298,324.5692,228.9221,198.0847
2018/07/02 - 01:07:06.1971744,30.57246,0.1838305,0.2913172,-0.07229201,332.964,286.461,357.8199,-0.1491041,-0.1597929,0.2140291,324.573,228.9264,198.0764
2018/07/02 - 01:07:06.2041549,30.58741,0.1838709,0.2913496,-0.07219335,332.9703,286.4405,357.8067,-0.1491055,-0.1597926,0.2140299,324.5708,228.9205,198.0843
2018/07/02 - 01:07:06.2111607,30.59361,0.1838939,0.2913677,-0.07206865,332.9561,286.4368,357.783,-0.1491092,-0.1597919,0.2140311,324.5631,228.9093,198.1013
2018/07/02 - 01:07:06.2231054,30.6008,0.1839672,0.2913926,-0.0719131,332.9501,286.4431,357.7537,-0.1491109,-0.1597915,0.2140317,324.5595,228.9044,198.109
2018/07/02 - 01:07:06.2370679,30.61229,0.1840252,0.2913822,-0.07162184,332.8816,286.4667,357.6949,-0.1491092,-0.1597919,0.2140302,324.5606,228.9114,198.0977
2018/07/02 - 01:07:06.2500527,30.62726,0.1840897,0.2913744,-0.07141829,332.8558,286.4622,357.6831,-0.1491049,-0.1597928,0.214028,324.5675,228.9261,198.0749
2018/07/02 - 01:07:06.2570145,30.63885,0.1841144,0.2913837,-0.07134778,332.8636,286.4741,357.6499,-0.1491049,-0.1597928,0.2140281,324.5681,228.9255,198.0756
2018/07/02 - 01:07:06.2679852,30.64679,0.1841267,0.2913651,-0.07113673,332.8368,286.4825,357.6036,-0.1491068,-0.1597924,0.2140289,324.5644,228.9191,198.0851
2018/07/02 - 01:07:06.2789781,30.65754,0.1841343,0.291362,-0.07104067,332.8387,286.4989,357.5989,-0.14911,-0.1597917,0.2140305,324.5587,228.9098,198.1017
2018/07/02 - 01:07:06.2899255,30.66865,0.1841745,0.291363,-0.07090104,332.8541,286.5202,357.5695,-0.1491112,-0.1597915,0.2140312,324.5573,228.9046,198.1082
2018/07/02 - 01:07:06.3068809,30.67951,0.1841954,0.2913481,-0.07060692,332.8649,286.5996,357.4942,-0.1491096,-0.1597918,0.2140308,324.5609,228.9084,198.1018
2018/07/02 - 01:07:06.3148601,30.69555,0.1842575,0.2913436,-0.07049073,332.8695,286.621,357.4934,-0.149104,-0.159793,0.2140281,324.5709,228.9263,198.0726
2018/07/02 - 01:07:06.3228379,30.70487,0.1842886,0.2913344,-0.07044251,332.8536,286.6122,357.5,-0.1491039,-0.159793,0.2140279,324.5707,228.9267,198.0714
2018/07/02 - 01:07:06.3338092,30.71235,0.1843449,0.2913506,-0.07030435,332.8736,286.6245,357.4605,-0.1491046,-0.1597929,0.2140284,324.5701,228.9231,198.0757
2018/07/02 - 01:07:06.3467750,30.72411,0.184369,0.291346,-0.07019823,332.8627,286.6453,357.4596,-0.1491086,-0.159792,0.21403,324.5624,228.9104,198.0955
2018/07/02 - 01:07:06.3557506,30.7354,0.1844176,0.2913542,-0.07013184,332.8687,286.6396,357.4609,-0.149109,-0.1597919,0.21403,324.5611,228.9086,198.0969
2018/07/02 - 01:07:06.3677186,30.74596,0.1844409,0.2913546,-0.07000356,332.8624,286.6403,357.439,-0.1491085,-0.159792,0.2140298,324.5623,228.9088,198.0945
2018/07/02 - 01:07:06.3776914,30.75704,0.1844544,0.291342,-0.06988871,332.8424,286.6283,357.4304,-0.1491076,-0.1597922,0.2140297,324.5645,228.9114,198.0914
2018/07/02 - 01:07:06.3896606,30.76785,0.1845123,0.2913584,-0.06982572,332.859,286.624,357.4061,-0.1491048,-0.1597928,0.214028,324.5686,228.921,198.0753
2018/07/02 - 01:07:06.4016285,30.77905,0.1845458,0.2913553,-0.06975333,332.8575,286.6069,357.3931,-0.1491042,-0.1597929,0.2140277,324.5699,228.9226,198.0724
2018/07/02 - 01:07:06.4106036,30.79019,0.1845435,0.2913346,-0.06970299,332.8388,286.6095,357.3726,-0.1491078,-0.1597922,0.2140295,324.5636,228.9112,198.0913
2018/07/02 - 01:07:06.4225718,30.80074,0.1845554,0.2913249,-0.06966844,332.8297,286.6102,357.3708,-0.1491095,-0.1597918,0.2140301,324.56,228.9067,198.0992
2018/07/02 - 01:07:06.4335414,30.81154,0.1845382,0.2913014,-0.06960962,332.8148,286.5994,357.3575,-0.1491062,-0.1597925,0.2140281,324.5651,228.9155,198.081
2018/07/02 - 01:07:06.4445121,30.823,0.1845053,0.2912864,-0.06957474,332.8087,286.5932,357.3468,-0.1491042,-0.1597929,0.2140278,324.5701,228.92,198.0732
2018/07/02 - 01:07:06.4554879,30.83412,0.1844318,0.2912633,-0.06954547,332.804,286.5842,357.3384,-0.1491043,-0.1597929,0.2140275,324.5693,228.9204,198.0724
2018/07/02 - 01:07:06.4664646,30.84512,0.1843828,0.291253,-0.06953847,332.817,286.5806,357.3344,-0.1491059,-0.1597926,0.2140283,324.5667,228.915,198.0808
2018/07/02 - 01:07:06.4774333,30.85574,0.1842627,0.2912204,-0.06952377,332.8302,286.5628,357.3354,-0.1491074,-0.1597923,0.2140293,324.5649,228.9084,198.0898
2018/07/02 - 01:07:06.4944112,30.86693,0.1840535,0.2911469,-0.06952089,332.8611,286.5336,357.3463,-0.1491088,-0.159792,0.2140299,324.562,228.9053,198.0966
2018/07/02 - 01:07:06.5073560,30.88315,0.1838011,0.2910619,-0.06954558,332.9214,286.4874,357.3691,-0.149106,-0.1597926,0.2140284,324.5671,228.9105,198.0824
2018/07/02 - 01:07:06.5143345,30.89667,0.1836932,0.2910163,-0.0695494,332.9106,286.4542,357.3635,-0.1491037,-0.159793,0.2140269,324.5699,228.919,198.0689
2018/07/02 - 01:07:06.5233118,30.90405,0.1835967,0.2910042,-0.06958448,332.9312,286.4587,357.358,-0.1491034,-0.1597931,0.2140269,324.571,228.9195,198.0675
2018/07/02 - 01:07:06.5322872,30.91215,0.1833808,0.2909548,-0.06964144,332.9764,286.4349,357.3586,-0.1491043,-0.1597929,0.2140272,324.569,228.9161,198.0723
2018/07/02 - 01:07:06.5452538,30.92255,0.1831243,0.290894,-0.06969016,333.0117,286.3835,357.3696,-0.1491086,-0.159792,0.2140292,324.5614,228.9019,198.094
2018/07/02 - 01:07:06.5550378,30.93385,0.1829825,0.2908674,-0.06972077,333.0182,286.3972,357.387,-0.1491086,-0.159792,0.214029,324.561,228.9017,198.0936
2018/07/02 - 01:07:06.5660213,30.94484,0.1828261,0.2908283,-0.06976727,333.0244,286.3921,357.3804,-0.1491075,-0.1597923,0.2140283,324.5625,228.9046,198.087
2018/07/02 - 01:07:06.5759823,30.95538,0.1826431,0.2907797,-0.06981983,333.04,286.3712,357.3813,-0.149105,-0.1597928,0.2140274,324.5677,228.9114,198.0757
2018/07/02 - 01:07:06.5889481,30.9662,0.1824889,0.2907425,-0.06987625,333.0637,286.3521,357.3919,-0.1491038,-0.159793,0.2140267,324.5695,228.9145,198.0691
2018/07/02 - 01:07:06.5989207,30.97788,0.182358,0.2906938,-0.06990517,333.0554,286.3286,357.4104,-0.1491046,-0.1597929,0.2140269,324.5679,228.9115,198.0725
2018/07/02 - 01:07:06.6108886,30.98869,0.1822129,0.290673,-0.06999771,333.0869,286.3091,357.401,-0.1491054,-0.1597927,0.2140269,324.5656,228.9082,198.0758
2018/07/02 - 01:07:06.6218594,30.99978,0.1821594,0.290632,-0.07000978,333.0657,286.2997,357.4116,-0.1491075,-0.1597922,0.2140281,324.5625,228.9007,198.0875
2018/07/02 - 01:07:06.6328312,31.01128,0.1820062,0.2906009,-0.07007877,333.0811,286.2626,357.4323,-0.149108,-0.1597921,0.2140287,324.5625,228.898,198.0912
2018/07/02 - 01:07:06.6438002,31.02247,0.1818909,0.2905797,-0.0701305,333.0834,286.2383,357.4351,-0.1491035,-0.1597931,0.2140255,324.568,228.9142,198.0643
2018/07/02 - 01:07:06.6547715,31.03326,0.1818053,0.2905665,-0.0701802,333.0835,286.2469,357.4228,-0.1491023,-0.1597934,0.2140256,324.5722,228.9155,198.0608
2018/07/02 - 01:07:06.6667397,31.0445,0.1816526,0.290536,-0.07024848,333.089,286.2279,357.4246,-0.1491048,-0.1597928,0.2140275,324.5694,228.9062,198.0764
2018/07/02 - 01:07:06.6866861,31.05646,0.1814925,0.2904973,-0.07030147,333.0894,286.2078,357.4278,-0.1491069,-0.1597924,0.2140288,324.5663,228.8988,198.0883
2018/07/02 - 01:07:06.6946659,31.06696,0.1811766,0.290424,-0.07042582,333.1104,286.1928,357.4148,-0.1491057,-0.1597926,0.2140272,324.5661,228.9016,198.0787
2018/07/02 - 01:07:06.7026436,31.08405,0.1809697,0.2903633,-0.07050073,333.0954,286.1785,357.3911,-0.1491043,-0.1597929,0.2140268,324.5695,228.9063,198.0724
2018/07/02 - 01:07:06.7106220,31.09191,0.1808645,0.2903202,-0.07052314,333.0973,286.1751,357.401,-0.1491036,-0.1597931,0.2140265,324.5708,228.9086,198.0686
2018/07/02 - 01:07:06.7225905,31.10042,0.1806659,0.2902621,-0.0706128,333.1236,286.1754,357.3942,-0.1491033,-0.1597932,0.2140261,324.5706,228.9106,198.0661
2018/07/02 - 01:07:06.7315679,31.11154,0.1804724,0.2901591,-0.07067358,333.1189,286.1583,357.397,-0.1491047,-0.1597928,0.2140265,324.5671,228.9062,198.0725
2018/07/02 - 01:07:06.7445317,31.12209,0.1801597,0.2900301,-0.07083095,333.1754,286.114,357.4041,-0.1491071,-0.1597923,0.2140275,324.5627,228.8987,198.0846
2018/07/02 - 01:07:06.7555015,31.13359,0.1799922,0.2899201,-0.0709084,333.1802,286.1056,357.4166,-0.1491074,-0.1597923,0.2140284,324.5642,228.8956,198.0889
2018/07/02 - 01:07:06.7664734,31.14526,0.1797936,0.2897965,-0.07104178,333.2349,286.0868,357.4374,-0.1491052,-0.1597927,0.2140275,324.5687,228.9016,198.0783
2018/07/02 - 01:07:06.7764454,31.15575,0.1797081,0.2896897,-0.07112083,333.2378,286.0776,357.4291,-0.1491021,-0.1597934,0.2140262,324.5747,228.9105,198.0629
2018/07/02 - 01:07:06.7884134,31.16657,0.1795506,0.2895683,-0.07126692,333.2752,286.0612,357.4413,-0.1491017,-0.1597935,0.2140256,324.5742,228.9132,198.0595
2018/07/02 - 01:07:06.8133471,31.17798,0.1792859,0.2894191,-0.07152908,333.3047,286.035,357.4525,-0.1491031,-0.1597932,0.2140267,324.5729,228.908,198.068
2018/07/02 - 01:07:06.8243181,31.20267,0.1789693,0.2893102,-0.07185914,333.3922,285.9604,357.4977,-0.1491072,-0.1597923,0.2140282,324.5645,228.8943,198.088
2018/07/02 - 01:07:06.8312998,31.21411,0.17885,0.2892774,-0.07197195,333.3919,285.9308,357.5083,-0.1491054,-0.1597927,0.2140274,324.5677,228.9008,198.0786
2018/07/02 - 01:07:06.8422691,31.22166,0.1786786,0.2892419,-0.07215171,333.4035,285.9045,357.5334,-0.1491022,-0.1597934,0.2140262,324.5746,228.9093,198.0635
2018/07/02 - 01:07:06.8542502,31.23202,0.178496,0.289194,-0.07237621,333.4346,285.8054,357.5883,-0.1491012,-0.1597936,0.2140255,324.5759,228.9113,198.058
2018/07/02 - 01:07:06.8652086,31.24364,0.1784476,0.289188,-0.07250642,333.4376,285.7989,357.5767,-0.1491025,-0.1597933,0.2140254,324.5717,228.9081,198.0618
2018/07/02 - 01:07:06.8761785,31.25487,0.178392,0.2891438,-0.07265086,333.4283,285.7385,357.5931,-0.1491057,-0.1597926,0.2140266,324.5653,228.8989,198.077
2018/07/02 - 01:07:06.8881470,31.26614,0.1783281,0.2891285,-0.07282808,333.4366,285.6978,357.5826,-0.1491069,-0.1597924,0.2140269,324.5623,228.8952,198.082
2018/07/02 - 01:07:06.8981216,31.27687,0.1782498,0.2891134,-0.07290441,333.4069,285.7105,357.5778,-0.1491063,-0.1597925,0.2140266,324.5635,228.896,198.0795
2018/07/02 - 01:07:06.9101115,31.28796,0.178144,0.2890888,-0.07312348,333.3911,285.6557,357.5644,-0.149104,-0.159793,0.2140251,324.5667,228.9035,198.0661
2018/07/02 - 01:07:06.9220564,31.29894,0.1781444,0.2890911,-0.07322603,333.4157,285.6411,357.5717,-0.1491039,-0.159793,0.2140248,324.5663,228.9036,198.0648
2018/07/02 - 01:07:06.9320378,31.31134,0.1781071,0.2890992,-0.07342484,333.4326,285.6046,357.545,-0.149106,-0.1597926,0.2140256,324.5624,228.8944,198.0751
2018/07/02 - 01:07:06.9439990,31.32153,0.1780479,0.2890704,-0.07359229,333.4081,285.5523,357.5562,-0.1491084,-0.1597921,0.2140266,324.5579,228.8874,198.087
2018/07/02 - 01:07:06.9599614,31.33276,0.1780142,0.2891075,-0.07393114,333.438,285.4644,357.5572,-0.149109,-0.159792,0.2140269,324.5567,228.8851,198.09
2018/07/02 - 01:07:06.9749140,31.34951,0.1779138,0.2891228,-0.07422144,333.4096,285.3516,357.5845,-0.1491075,-0.1597923,0.2140258,324.558,228.8905,198.0811
2018/07/02 - 01:07:06.9828938,31.36394,0.1778759,0.2891576,-0.0744646,333.4037,285.2473,357.5649,-0.1491056,-0.1597927,0.2140252,324.5627,228.893,198.0728
2018/07/02 - 01:07:07.0068289,31.37223,0.1778953,0.2892173,-0.07468469,333.4013,285.1075,357.5367,-0.1491058,-0.1597926,0.2140248,324.5611,228.8935,198.0719
2018/07/02 - 01:07:07.0148075,31.39599,0.1779061,0.2892597,-0.0748584,333.4154,284.9995,357.5206,-0.14911,-0.1597917,0.2140269,324.5538,228.8805,198.0939
2018/07/02 - 01:07:07.0237834,31.40451,0.1778244,0.289336,-0.07537031,333.3891,284.6735,357.4415,-0.1491098,-0.1597918,0.2140268,324.5545,228.88,198.0929
2018/07/02 - 01:07:07.0327594,31.41245,0.1778042,0.2893335,-0.07551772,333.3459,284.5328,357.4383,-0.1491073,-0.1597923,0.2140258,324.5595,228.886,198.0814
2018/07/02 - 01:07:07.0467224,31.42196,0.1777834,0.289351,-0.07576793,333.297,284.4193,357.3769,-0.149105,-0.1597928,0.2140242,324.5626,228.8927,198.0675
2018/07/02 - 01:07:07.0547090,31.43543,0.1778309,0.289351,-0.07574314,333.3096,284.3848,357.4124,-0.1491048,-0.1597929,0.214024,324.5625,228.8938,198.0662
2018/07/02 - 01:07:07.0696605,31.44393,0.1778365,0.2894176,-0.07600356,333.3041,284.2843,357.3363,-0.149107,-0.1597924,0.2140251,324.5589,228.8862,198.0779
2018/07/02 - 01:07:07.0776394,31.45496,0.1778372,0.2894209,-0.07619739,333.2766,284.1897,357.3636,-0.1491091,-0.1597919,0.2140263,324.5559,228.8787,198.0896
2018/07/02 - 01:07:07.0876129,31.4676,0.1778932,0.2894761,-0.07644331,333.3177,284.0995,357.3575,-0.1491093,-0.1597919,0.2140266,324.556,228.8766,198.0913
2018/07/02 - 01:07:07.0975866,31.47649,0.1778639,0.2894694,-0.07663549,333.2504,283.9908,357.3773,-0.1491078,-0.1597922,0.2140259,324.5589,228.8802,198.084
2018/07/02 - 01:07:07.1095540,31.48735,0.1779352,0.2895049,-0.07686231,333.2857,283.939,357.3993,-0.1491063,-0.1597925,0.2140252,324.5617,228.8853,198.0764
2018/07/02 - 01:07:07.1195275,31.49939,0.1779613,0.2894505,-0.07699578,333.2108,283.8257,357.4675,-0.1491059,-0.1597926,0.2140251,324.5627,228.8854,198.0746
2018/07/02 - 01:07:07.1314952,31.50981,0.1781164,0.2895365,-0.07725386,333.2868,283.7359,357.4076,-0.1491072,-0.1597923,0.214026,324.5612,228.8806,198.0826
2018/07/02 - 01:07:07.1424659,31.52082,0.1781921,0.2895445,-0.0774242,333.2934,283.6023,357.4571,-0.149108,-0.1597922,0.2140266,324.5603,228.8777,198.0874
2018/07/02 - 01:07:07.1534374,31.53209,0.1782001,0.2895701,-0.07759462,333.2932,283.596,357.4171,-0.1491074,-0.1597923,0.2140266,324.5621,228.8788,198.0853
2018/07/02 - 01:07:07.1644079,31.54327,0.178339,0.2896041,-0.07776211,333.3257,283.4386,357.5058,-0.1491054,-0.1597927,0.2140254,324.5652,228.8843,198.0742
2018/07/02 - 01:07:07.1753803,31.55392,0.1784124,0.2896306,-0.07789678,333.3588,283.4077,357.5072,-0.1491047,-0.1597929,0.2140247,324.5656,228.8869,198.0697
2018/07/02 - 01:07:07.1873457,31.56549,0.1785517,0.2896613,-0.0780861,333.3679,283.2306,357.5407,-0.1491049,-0.1597928,0.2140248,324.5649,228.886,198.0706
2018/07/02 - 01:07:07.1973191,31.57598,0.1784318,0.2896688,-0.07812274,333.2967,283.3273,357.4997,-0.149107,-0.1597924,0.2140255,324.5607,228.8794,198.0806
2018/07/02 - 01:07:07.2092999,31.58736,0.1785188,0.2897448,-0.0782878,333.2304,283.2141,357.5315,-0.1491081,-0.1597922,0.2140259,324.5589,228.8748,198.0858
2018/07/02 - 01:07:07.2192608,31.59879,0.1787264,0.2897867,-0.07849737,333.1661,283.096,357.5159,-0.1491078,-0.1597922,0.214026,324.56,228.8739,198.0857
2018/07/02 - 01:07:07.2322258,31.60946,0.1788083,0.2898123,-0.07861958,333.1643,283.0574,357.471,-0.149106,-0.1597926,0.2140252,324.5635,228.8784,198.0762
2018/07/02 - 01:07:07.2421992,31.62119,0.1788446,0.2898225,-0.07861014,333.2445,283.0798,357.4868,-0.1491045,-0.1597929,0.2140247,324.5668,228.8821,198.0696
2018/07/02 - 01:07:07.2531697,31.63195,0.1788749,0.2898196,-0.07870645,333.2423,283.0379,357.4823,-0.1491047,-0.1597929,0.2140248,324.5665,228.8812,198.0706
2018/07/02 - 01:07:07.2671322,31.64284,0.1789334,0.2898521,-0.0788333,333.2481,282.9883,357.502,-0.1491061,-0.1597926,0.2140257,324.5644,228.8763,198.0789
2018/07/02 - 01:07:07.2751111,31.65644,0.1790448,0.2898916,-0.07897963,333.2419,282.9113,357.4855,-0.1491076,-0.1597922,0.2140265,324.5622,228.8709,198.0868
2018/07/02 - 01:07:07.2860821,31.66519,0.1791581,0.2899232,-0.07904878,333.2484,282.8645,357.5484,-0.1491071,-0.1597923,0.2140264,324.5634,228.8716,198.085
2018/07/02 - 01:07:07.3200259,31.67599,0.1791933,0.2899805,-0.07916492,333.2421,282.8609,357.5042,-0.1491047,-0.1597929,0.2140251,324.5674,228.8785,198.0723
2018/07/02 - 01:07:07.3280042,31.68724,0.179369,0.2900887,-0.07940098,333.2155,282.7509,357.5516,-0.149105,-0.1597928,0.2140256,324.568,228.8762,198.0753
2018/07/02 - 01:07:07.3340103,31.71679,0.1794096,0.290112,-0.07944585,333.2124,282.7404,357.5677,-0.1491056,-0.1597927,0.2140258,324.5667,228.8746,198.078
2018/07/02 - 01:07:07.3439618,31.72402,0.1794539,0.290138,-0.07949405,333.2087,282.7275,357.5777,-0.149106,-0.1597926,0.2140261,324.5664,228.8733,198.0802
2018/07/02 - 01:07:07.3549331,31.73311,0.1795523,0.2901629,-0.07958157,333.201,282.6987,357.6124,-0.1491052,-0.1597928,0.2140256,324.5674,228.8758,198.0762
2018/07/02 - 01:07:07.3651546,31.74518,0.1796753,0.290195,-0.07966685,333.2014,282.6382,357.6347,-0.1491037,-0.1597931,0.2140253,324.5713,228.8801,198.0698
2018/07/02 - 01:07:07.3761262,31.75494,0.1796741,0.2902153,-0.07972925,333.184,282.6547,357.6321,-0.1491036,-0.1597931,0.2140253,324.5714,228.8814,198.069
2018/07/02 - 01:07:07.3880938,31.76572,0.1796972,0.2902589,-0.07978462,333.2003,282.6528,357.6405,-0.1491042,-0.159793,0.2140255,324.5703,228.8785,198.0724
2018/07/02 - 01:07:07.3980895,31.7772,0.1796953,0.2902898,-0.07983236,333.2002,282.6499,357.645,-0.1491052,-0.1597927,0.214026,324.5683,228.8747,198.0775
2018/07/02 - 01:07:07.4090371,31.78787,0.1797791,0.2903269,-0.07993938,333.17,282.6216,357.6722,-0.1491055,-0.1597927,0.2140262,324.5681,228.8747,198.0789
2018/07/02 - 01:07:07.4190112,31.79855,0.1798214,0.2903663,-0.07999584,333.1523,282.6141,357.6721,-0.1491043,-0.1597929,0.2140255,324.57,228.879,198.0724
2018/07/02 - 01:07:07.4319770,31.80945,0.1799063,0.2904021,-0.08005276,333.1165,282.5971,357.6728,-0.1491033,-0.1597932,0.2140248,324.571,228.8828,198.0663
2018/07/02 - 01:07:07.4429462,31.82107,0.1799613,0.2904319,-0.08009952,333.0871,282.5986,357.6549,-0.1491025,-0.1597933,0.2140244,324.5726,228.884,198.0625
2018/07/02 - 01:07:07.4529206,31.83173,0.1800189,0.2904364,-0.08010602,333.0709,282.5796,357.6622,-0.1491033,-0.1597932,0.2140249,324.5714,228.8816,198.0668
2018/07/02 - 01:07:07.4648882,31.84303,0.1800545,0.2904358,-0.08013167,333.0728,282.5909,357.6449,-0.149105,-0.1597928,0.2140256,324.5683,228.8753,198.0756
2018/07/02 - 01:07:07.4748620,31.85401,0.1801232,0.2904274,-0.0801349,333.0901,282.5726,357.6497,-0.149105,-0.1597928,0.2140256,324.5682,228.8751,198.0756
2018/07/02 - 01:07:07.4868345,31.86516,0.1801604,0.2904072,-0.08014084,333.0964,282.5667,357.6511,-0.1491039,-0.159793,0.2140253,324.571,228.8766,198.0709
2018/07/02 - 01:07:07.4978004,31.87617,0.1801799,0.2903838,-0.08015067,333.1055,282.5602,357.6502,-0.1491026,-0.1597933,0.2140248,324.5735,228.8811,198.0643
2018/07/02 - 01:07:07.5087702,31.88745,0.1801808,0.2903665,-0.08015692,333.113,282.5557,357.6486,-0.1491023,-0.1597934,0.2140244,324.5735,228.881,198.0625
2018/07/02 - 01:07:07.5197409,31.89834,0.1801465,0.290346,-0.08016761,333.1281,282.5274,357.6445,-0.1491028,-0.1597932,0.2140248,324.5731,228.8781,198.0657
2018/07/02 - 01:07:07.5317089,31.90924,0.1801282,0.2903431,-0.08018292,333.1398,282.5308,357.6332,-0.1491039,-0.159793,0.214025,324.5703,228.8745,198.0702
2018/07/02 - 01:07:07.5426944,31.92066,0.1801224,0.2903208,-0.08016279,333.1338,282.5263,357.655,-0.149104,-0.159793,0.2140254,324.5714,228.8741,198.072
2018/07/02 - 01:07:07.5536509,31.93212,0.1800724,0.290294,-0.08017501,333.1389,282.5174,357.6559,-0.1491033,-0.1597932,0.2140249,324.5723,228.8759,198.0679
2018/07/02 - 01:07:07.5646216,31.94313,0.1800352,0.2902821,-0.08017164,333.1349,282.5151,357.6566,-0.1491029,-0.1597932,0.2140246,324.5726,228.8769,198.0654
2018/07/02 - 01:07:07.5745945,31.95376,0.1799713,0.2902607,-0.08017792,333.1349,282.5078,357.6487,-0.1491028,-0.1597933,0.2140246,324.573,228.8771,198.0652
2018/07/02 - 01:07:07.5865630,31.96459,0.1799059,0.2902397,-0.08017629,333.139,282.5038,357.6388,-0.1491035,-0.1597931,0.2140251,324.5721,228.875,198.0693
2018/07/02 - 01:07:07.5975326,31.97597,0.1798035,0.2902213,-0.08019064,333.1612,282.5062,357.6164,-0.1491039,-0.159793,0.2140256,324.5721,228.8733,198.0726
2018/07/02 - 01:07:07.6085076,31.98714,0.1797306,0.2901954,-0.08018084,333.1483,282.5016,357.6168,-0.1491033,-0.1597932,0.2140257,324.5745,228.8734,198.0711
2018/07/02 - 01:07:07.6194749,31.99799,0.1796089,0.2901772,-0.08020025,333.1725,282.4909,357.6074,-0.1491025,-0.1597933,0.2140256,324.5764,228.8757,198.0677
2018/07/02 - 01:07:07.6314667,32.00949,0.1794441,0.2901614,-0.08024849,333.183,282.4934,357.5718,-0.1491022,-0.1597934,0.2140255,324.5771,228.8767,198.0664
2018/07/02 - 01:07:07.6424124,32.0205,0.1793147,0.2901636,-0.08026321,333.212,282.4777,357.5838,-0.1491019,-0.1597934,0.2140255,324.578,228.8766,198.0658
2018/07/02 - 01:07:07.6523870,32.03142,0.1791582,0.2901476,-0.08031005,333.2284,282.4516,357.567,-0.1491021,-0.1597934,0.2140256,324.5776,228.8771,198.0667
2018/07/02 - 01:07:07.6643601,32.04274,0.1789233,0.2901354,-0.0804128,333.2508,282.4564,357.5153,-0.1491022,-0.1597934,0.2140257,324.5777,228.8764,198.0674
2018/07/02 - 01:07:07.6753248,32.05389,0.1787378,0.2901129,-0.0804646,333.2509,282.451,357.4978,-0.1491014,-0.1597936,0.2140255,324.5797,228.8778,198.0637
2018/07/02 - 01:07:07.6873158,32.06483,0.1785389,0.2901142,-0.08054738,333.2871,282.4506,357.4872,-0.1491005,-0.1597937,0.2140251,324.5814,228.8798,198.0598
2018/07/02 - 01:07:07.6972662,32.07625,0.1781792,0.2900941,-0.08074158,333.3323,282.4376,357.4474,-0.1490999,-0.1597939,0.214025,324.5831,228.8804,198.0571
2018/07/02 - 01:07:07.7092345,32.08733,0.1779544,0.2900869,-0.08085679,333.3405,282.4278,357.4406,-0.1491004,-0.1597938,0.2140251,324.5818,228.8801,198.059
2018/07/02 - 01:07:07.7192074,32.09845,0.1775469,0.2900741,-0.08111054,333.389,282.3812,357.4348,-0.1491008,-0.1597937,0.2140253,324.581,228.8788,198.0612
2018/07/02 - 01:07:07.7321735,32.10936,0.1771387,0.2900694,-0.08142833,333.4261,282.3261,357.3907,-0.1491012,-0.1597936,0.2140255,324.5803,228.8778,198.0634
2018/07/02 - 01:07:07.7421455,32.12081,0.1768218,0.2900777,-0.08168463,333.4439,282.3357,357.377,-0.1491008,-0.1597937,0.2140254,324.5813,228.8776,198.0619
2018/07/02 - 01:07:07.7531165,32.13147,0.1765001,0.2900704,-0.0819305,333.451,282.2665,357.4145,-0.1491006,-0.1597937,0.2140254,324.582,228.8775,198.0613
2018/07/02 - 01:07:07.7651109,32.14319,0.1761744,0.2900887,-0.08225743,333.483,282.2328,357.393,-0.1491005,-0.1597937,0.2140253,324.582,228.8782,198.0605
2018/07/02 - 01:07:07.7750826,32.15437,0.1758503,0.2900956,-0.08257488,333.5217,282.1746,357.4269,-0.1491002,-0.1597938,0.2140254,324.5833,228.8794,198.0595
2018/07/02 - 01:07:07.7870486,32.16506,0.1754435,0.2900994,-0.08295743,333.5416,282.1173,357.458,-0.1490998,-0.1597939,0.2140254,324.5845,228.8799,198.0585
2018/07/02 - 01:07:07.7970022,32.17601,0.1750123,0.2900802,-0.08335987,333.5397,282.0281,357.4665,-0.1490992,-0.159794,0.2140251,324.5856,228.8815,198.0554
2018/07/02 - 01:07:07.8089772,32.18685,0.1745728,0.2901026,-0.08385243,333.5932,281.9581,357.4748,-0.1490986,-0.1597941,0.214025,324.587,228.8827,198.0531
2018/07/02 - 01:07:07.8189444,32.19825,0.1742315,0.2900793,-0.08412575,333.5857,281.9125,357.5378,-0.1490982,-0.1597942,0.2140248,324.5877,228.8832,198.0512
2018/07/02 - 01:07:07.8309113,32.20933,0.1737572,0.2900954,-0.08460222,333.6376,281.8305,357.5597,-0.149098,-0.1597942,0.2140246,324.5878,228.8842,198.0498
2018/07/02 - 01:07:07.8418888,32.22055,0.173316,0.2901317,-0.08505808,333.7099,281.752,357.5724,-0.1490988,-0.1597941,0.2140245,324.5855,228.8815,198.0523
2018/07/02 - 01:07:07.8528760,32.23169,0.172855,0.2901311,-0.08543697,333.7471,281.7169,357.6087,-0.1490994,-0.159794,0.2140249,324.5845,228.8787,198.0557
2018/07/02 - 01:07:07.8643286,32.24294,0.1723842,0.2901158,-0.08582295,333.7862,281.6759,357.6151,-0.1491002,-0.1597938,0.2140248,324.5821,228.8756,198.0583
2018/07/02 - 01:07:07.8752998,32.25389,0.1719562,0.2900813,-0.08612834,333.8174,281.6268,357.66,-0.1491003,-0.1597938,0.2140246,324.5815,228.8743,198.0584
2018/07/02 - 01:07:07.8872689,32.26497,0.1715518,0.2900063,-0.08640066,333.7838,281.5965,357.6578,-0.1491002,-0.1597938,0.2140245,324.5819,228.8744,198.0574
2018/07/02 - 01:07:07.8972640,32.27625,0.1710118,0.2899819,-0.08688821,333.8877,281.5482,357.6617,-0.1491,-0.1597939,0.2140244,324.5822,228.8749,198.0564
2018/07/02 - 01:07:07.9092172,32.28722,0.170186,0.2899396,-0.08745284,334.003,281.4632,357.7028,-0.1490995,-0.1597939,0.2140244,324.5837,228.8751,198.055
2018/07/02 - 01:07:07.9191830,32.29835,0.1698191,0.2899084,-0.08769587,333.989,281.4826,357.6849,-0.1490993,-0.159794,0.2140244,324.5842,228.8763,198.0538
2018/07/02 - 01:07:07.9311504,32.30929,0.1692276,0.2898347,-0.08817868,334.0295,281.3871,357.7001,-0.1490988,-0.1597941,0.2140246,324.5863,228.8762,198.0533
2018/07/02 - 01:07:07.9431186,32.32085,0.1686406,0.2897015,-0.0886195,334.0848,281.2935,357.8036,-0.1490983,-0.1597942,0.2140247,324.5881,228.8775,198.0519
2018/07/02 - 01:07:07.9530915,32.33213,0.1682306,0.2895797,-0.08895359,334.1154,281.2553,357.8412,-0.1490974,-0.1597944,0.2140247,324.5908,228.879,198.0489
2018/07/02 - 01:07:07.9646265,32.343,0.1676033,0.2894469,-0.08944048,334.1747,281.1494,357.8778,-0.1490969,-0.1597945,0.2140244,324.5918,228.8806,198.0462
2018/07/02 - 01:07:07.9755973,32.3542,0.1673629,0.2893606,-0.08962288,334.1258,281.1886,357.8353,-0.149097,-0.1597945,0.2140242,324.5907,228.881,198.0458
2018/07/02 - 01:07:07.9875655,32.36538,0.1666801,0.2892356,-0.09013049,334.2031,281.1465,357.8874,-0.1490973,-0.1597944,0.2140243,324.59,228.8804,198.047
2018/07/02 - 01:07:07.9995326,32.37648,0.1658982,0.2890488,-0.09059183,334.2501,281.0621,357.9735,-0.1490971,-0.1597944,0.2140243,324.5908,228.8801,198.0464
2018/07/02 - 01:07:08.0124987,32.38926,0.1652002,0.2888778,-0.09099925,334.3285,280.9899,358.0651,-0.1490966,-0.1597946,0.2140238,324.5912,228.882,198.043
2018/07/02 - 01:07:08.0224929,32.40202,0.1645708,0.2887154,-0.0913903,334.3519,280.9438,358.078,-0.1490964,-0.1597946,0.2140239,324.5918,228.8824,198.0426
2018/07/02 - 01:07:08.0304500,32.41135,0.1640239,0.2885963,-0.09174504,334.4137,280.884,358.0965,-0.1490971,-0.1597944,0.2140237,324.5892,228.8815,198.0444
2018/07/02 - 01:07:08.0434160,32.42054,0.1634475,0.2884638,-0.09208899,334.4945,280.8438,358.1474,-0.1490982,-0.1597942,0.2140239,324.5865,228.8778,198.0488
