Time (s):,Headset position x:,Headset position y:,Headset position z:,Headset rotation x:,Headset rotation y:,Headset rotation z:,Left Hand Position x:,Left Hand Position y:,Left Hand Position z:,Left Hand rotation x:,Left Hand rotation y:,Left Hand rotation z:
0.01064106,0.01996264,0.02711248,-0.0907338,329.8376,273.4133,351.4605,-0.2450494,-0.2961669,-0.1007806,333.8655,292.0045,354.5105
0.02236159,0.02077214,0.02731044,-0.09069563,329.8256,273.2887,351.4974,-0.2416739,-0.2968412,-0.1019883,331.9847,292.5275,354.9327
0.03373055,0.02154288,0.02749546,-0.09069789,329.797,273.2137,351.5355,-0.2393891,-0.2971232,-0.1025514,331.075,293.4721,356.1042
0.05940052,0.02194156,0.02769166,-0.09056481,329.7211,273.0782,351.678,-0.2387259,-0.2978447,-0.1005518,331.1613,293.0171,356.9285
0.06661402,0.02410865,0.02817898,-0.09065533,329.6969,272.799,351.7657,-0.2362094,-0.298597,-0.09782276,331.4903,292.7596,356.7035
0.07792041,0.02496121,0.02837697,-0.09067426,329.649,272.7502,351.8383,-0.2356523,-0.2994685,-0.09587513,332.8565,292.3103,356.0186
0.08897278,0.02578693,0.02853901,-0.09060276,329.5241,272.59,351.8868,-0.2355018,-0.3004326,-0.09396899,334.143,292.7011,355.9537
0.1000601,0.02661853,0.02860056,-0.09044634,329.4613,272.499,352.015,-0.2353355,-0.3014216,-0.09220049,335.3586,292.8013,356.2244
0.111329,0.02743473,0.02865589,-0.09039252,329.3689,272.5623,352.0073,-0.2352692,-0.3027385,-0.08996769,336.5845,293.007,355.9791
0.1225199,0.02832077,0.02875628,-0.09019096,329.3423,272.4701,352.1182,-0.2350961,-0.3041584,-0.08765554,337.5169,293.4748,355.3465
0.1332528,0.02906873,0.02885674,-0.08999314,329.3168,272.4405,352.2005,-0.2348266,-0.3054863,-0.08582889,338.0235,293.7668,354.8745
0.1444664,0.02982816,0.02891113,-0.08981194,329.254,272.3949,352.2556,-0.234763,-0.3066524,-0.08425936,338.162,293.3452,354.3081
0.1554907,0.03050974,0.0289401,-0.08950798,329.2398,272.2852,352.3933,-0.2342562,-0.3078689,-0.08369131,337.7952,291.2223,353.5932
0.1669907,0.03142388,0.0290599,-0.08933388,329.2823,272.2534,352.4008,-0.2338987,-0.309156,-0.08353046,337.0742,288.7408,352.848
0.1779945,0.03220646,0.02913439,-0.08895225,329.2598,272.1461,352.4437,-0.2340542,-0.3104307,-0.08261881,337.1469,286.8958,351.6041
0.1891734,0.03306771,0.02923049,-0.0885478,329.2437,272.0547,352.4832,-0.2335657,-0.3122722,-0.0821434,337.6127,286.6984,350.6411
0.1998947,0.03388575,0.02936054,-0.08808574,329.1845,271.9727,352.434,-0.2329787,-0.313929,-0.08244283,337.4219,286.795,350.7412
0.2113018,0.03478116,0.02947056,-0.08764746,329.1341,271.9867,352.4673,-0.232725,-0.3149388,-0.08240498,337.0912,286.5752,351.0375
0.2222782,0.03556649,0.02959528,-0.08716181,329.0247,271.9496,352.4166,-0.2328736,-0.3158988,-0.08271339,336.8477,286.4781,351.597
0.2332529,0.03645673,0.0297714,-0.08671694,329.0462,271.9271,352.3388,-0.2334651,-0.3170339,-0.08371138,337.0694,285.8965,352.5116
0.2448375,0.03724533,0.02982121,-0.08618151,329.0214,271.8537,352.3315,-0.2341491,-0.3179841,-0.08485977,337.598,284.9684,353.4366
0.2559049,0.03785167,0.02987356,-0.08575428,329.056,271.8383,352.3696,-0.235132,-0.3188508,-0.08661777,338.2554,284.0981,354.7098
0.2668177,0.03888304,0.02997017,-0.08519477,329.0186,271.7717,352.2795,-0.23614,-0.3196841,-0.08846472,338.8531,283.4402,355.8568
0.2777796,0.03964719,0.02997181,-0.08461665,328.9861,271.7033,352.3959,-0.237218,-0.3206429,-0.09025912,339.5514,283.0865,356.2397
0.2888741,0.04042722,0.03001259,-0.08410034,328.9583,271.7081,352.3251,-0.2381598,-0.3217314,-0.09194639,340.1153,282.8871,356.0838
0.300063,0.04116039,0.03005396,-0.08359894,328.9323,271.6933,352.3353,-0.2391644,-0.3226991,-0.09376747,340.4603,282.7253,355.8373
0.3112868,0.04214502,0.03011046,-0.08297314,328.8683,271.6441,352.3188,-0.2401417,-0.3235807,-0.0955141,341.0181,282.7578,355.6981
0.3225224,0.04283025,0.0300738,-0.08231048,328.7702,271.5614,352.3667,-0.2410318,-0.3243436,-0.09748778,341.6792,282.7196,355.6633
0.3338353,0.04341224,0.03008438,-0.08175554,328.7368,271.5851,352.3384,-0.2416641,-0.3251791,-0.09951195,342.1105,282.0678,355.7938
0.3446926,0.04394479,0.03012513,-0.08126884,328.7536,271.5654,352.299,-0.2423581,-0.3257214,-0.1019548,342.4878,281.1808,355.9749
0.3552845,0.04425409,0.03015241,-0.08083003,328.8216,271.5292,352.2932,-0.2433946,-0.3261247,-0.1041377,342.8982,280.6572,355.5338
0.3669996,0.04450312,0.0301518,-0.08035367,328.8589,271.519,352.3097,-0.2444623,-0.3263031,-0.1064761,342.8297,280.1911,354.7248
0.3780758,0.04464166,0.03017777,-0.08001405,328.8648,271.5483,352.2821,-0.245528,-0.3259056,-0.1095038,342.7566,279.525,354.7159
0.3890801,0.04596273,0.03031701,-0.07892714,328.9704,271.4828,352.2135,-0.2466501,-0.3247077,-0.1134621,342.8429,278.2219,355.7068
0.3998796,0.04641075,0.0303539,-0.07844128,328.953,271.472,352.1648,-0.2475763,-0.3235478,-0.1173928,343.0309,276.9456,356.8064
0.4114215,0.04659285,0.03038394,-0.07792326,328.9545,271.5049,352.1469,-0.2484148,-0.3223725,-0.1212762,343.1123,275.7266,357.6727
0.4221576,0.04694332,0.03042997,-0.07745711,328.9588,271.5171,352.0989,-0.2490645,-0.3212466,-0.1249833,343.01,274.6973,358.0554
0.4334799,0.0475228,0.03051449,-0.07668497,328.985,271.5226,352.0218,-0.2495569,-0.320206,-0.1283459,342.7499,273.8864,357.9485
0.4443238,0.04757084,0.0304889,-0.07626566,328.9497,271.5532,352.0069,-0.2499473,-0.3190359,-0.1318036,342.2922,273.1676,357.8424
0.4555548,0.04811231,0.03057559,-0.07554515,329.111,271.5697,352.0046,-0.2503983,-0.317641,-0.1354776,341.8571,272.1129,358.1889
0.4665867,0.04801512,0.0305667,-0.07522804,329.0776,271.5844,351.976,-0.2507991,-0.3161564,-0.1391985,341.2276,271.0352,358.472
0.4778507,0.04834317,0.03062511,-0.07466692,329.1531,271.5816,351.9581,-0.2513313,-0.3147077,-0.1430131,340.7015,269.9203,359.0023
0.4891653,0.04869276,0.0307017,-0.07405522,329.2421,271.5732,351.9442,-0.2519965,-0.3134812,-0.1466049,340.4718,268.9258,359.5046
0.4999188,0.0488728,0.03074624,-0.07373089,329.2719,271.5568,351.9696,-0.2527655,-0.3124357,-0.1500707,340.4997,268.2216,359.7481
0.5111435,0.04925046,0.0308615,-0.07320292,329.3228,271.5192,351.89,-0.2536195,-0.3114324,-0.1537255,340.6186,267.2926,0.1014486
0.5222363,0.04915563,0.03085644,-0.07300475,329.2918,271.4984,351.9199,-0.254506,-0.3103784,-0.1576701,340.6654,265.9987,0.5553817
0.5333063,0.04923362,0.03089762,-0.07263099,329.2693,271.4875,351.8844,-0.2551996,-0.3091847,-0.16161,340.201,264.5895,0.618633
0.5443248,0.04940314,0.03094619,-0.07221144,329.2639,271.4531,351.8676,-0.2558249,-0.3079425,-0.1657195,339.4404,263.2622,0.9125224
0.5556992,0.04941814,0.03097358,-0.07200033,329.2899,271.4684,351.8698,-0.2565143,-0.3068611,-0.1700277,338.87,261.7429,1.643389
0.5668858,0.04976206,0.0310357,-0.0715156,329.3152,271.4081,351.8445,-0.2571838,-0.3059425,-0.1740666,338.4427,260.4285,2.036026
0.5779325,0.04983389,0.03109173,-0.07120279,329.3382,271.4017,351.818,-0.2576976,-0.3056867,-0.1771374,338.0697,259.7743,1.709056
0.5894735,0.05000139,0.03114289,-0.07084559,329.3388,271.3445,351.8258,-0.2585573,-0.3057508,-0.179959,338.0622,259.4653,1.172733
0.6000566,0.05023898,0.03125856,-0.07043309,329.3802,271.2969,351.8106,-0.2593149,-0.3059525,-0.1826694,338.0259,259.0586,0.4624278
0.6113396,0.05042582,0.03133794,-0.07003903,329.3625,271.2313,351.8063,-0.2596053,-0.3058484,-0.1854057,337.7873,258.5492,359.7852
0.622099,0.05050649,0.03143477,-0.06968747,329.3452,271.2072,351.7936,-0.2596558,-0.3055092,-0.1883122,337.4881,258.0931,359.5114
0.6332282,0.05065484,0.03151686,-0.06927212,329.2795,271.1467,351.7914,-0.2594948,-0.3052201,-0.1911288,337.0262,257.7875,359.6165
0.6441611,0.05067557,0.03158651,-0.06900087,329.2801,271.1442,351.7736,-0.2597193,-0.3050894,-0.1947381,337.0847,257.3636,0.164155
0.6551654,0.05079248,0.03167312,-0.0686572,329.2553,271.1024,351.7627,-0.2597598,-0.3047754,-0.1994291,337.218,255.6785,1.28088
0.6664656,0.05106051,0.03177849,-0.06816489,329.2605,270.9608,351.7766,-0.2596058,-0.3042147,-0.2040772,337.0367,253.9368,2.000098
0.6775584,0.05105076,0.03183906,-0.06782667,329.2318,270.9214,351.7343,-0.2589029,-0.3033036,-0.2088615,336.5421,252.4389,3.027654
0.6884796,0.05101668,0.0318694,-0.06759626,329.2129,270.8922,351.718,-0.2580587,-0.3024222,-0.2132553,335.7784,251.0662,3.921262
0.6998708,0.05102184,0.03196033,-0.06725679,329.2319,270.82,351.689,-0.2574948,-0.3018179,-0.2175763,335.1518,249.9822,4.61434
0.7107912,0.05098678,0.03203464,-0.06685154,329.2193,270.7157,351.6693,-0.2574022,-0.3018056,-0.2219304,334.8564,248.6354,5.032404
0.7214089,0.05094066,0.03208562,-0.06661958,329.2251,270.6669,351.636,-0.2576786,-0.3022599,-0.2259574,334.8405,247.4322,4.758835
0.7324781,0.05074198,0.03209054,-0.06641758,329.2673,270.6663,351.6536,-0.2582094,-0.3030589,-0.2302068,335.1689,246.2739,4.290895
0.7437423,0.0505528,0.03206714,-0.06618423,329.2465,270.6389,351.66,-0.25892,-0.304291,-0.2351193,336.2025,244.7264,4.36888
0.7546835,0.05053119,0.03212229,-0.06585801,329.2851,270.5797,351.6424,-0.2594161,-0.3054598,-0.2399922,337.5695,243.2292,4.836788
0.7661224,0.05039053,0.0321366,-0.06552796,329.2643,270.5272,351.6258,-0.2594933,-0.3064127,-0.2439706,339.2087,242.6401,5.205284
0.7774937,0.05024384,0.03214559,-0.06534557,329.2814,270.5224,351.6195,-0.2585174,-0.3053317,-0.2463508,338.5129,243.4775,6.592254
0.7882027,0.05038809,0.03224859,-0.06485413,329.3208,270.3656,351.5898,-0.2570971,-0.3052672,-0.2500241,337.4258,243.3617,9.165389
0.7997853,0.05026608,0.03229327,-0.06448126,329.3177,270.2916,351.5886,-0.2564082,-0.306257,-0.253687,337.0957,242.9182,10.54319
0.8108078,0.05025966,0.03234272,-0.0643344,329.3285,270.2625,351.5603,-0.2565899,-0.3074907,-0.2569274,338.0799,242.1463,9.903369
0.8221161,0.05023479,0.03240336,-0.06402191,329.3323,270.1891,351.5515,-0.2563665,-0.3088399,-0.2594068,338.3346,241.3291,8.336265
0.8337593,0.05011952,0.03240789,-0.06376921,329.2776,270.1536,351.5509,-0.2559285,-0.3098891,-0.2618629,337.9175,240.7416,7.54525
0.8438904,0.05022146,0.03248023,-0.06346206,329.2708,270.0507,351.5348,-0.255445,-0.3109821,-0.2645573,337.6479,240.5248,7.335516
0.8550204,0.05029622,0.03257533,-0.06315114,329.3033,269.9763,351.4989,-0.2551819,-0.3122336,-0.2678009,338.0555,240.1337,7.565537
0.865798,0.0502853,0.03260491,-0.06288775,329.2938,269.915,351.4965,-0.2548447,-0.3135593,-0.2709424,338.7192,239.2509,7.95877
0.8776653,0.05025508,0.03261397,-0.06272116,329.2869,269.9203,351.4696,-0.2545223,-0.3147962,-0.2739757,339.3339,238.4708,8.023079
0.8883991,0.05029403,0.03265129,-0.06243841,329.2505,269.8679,351.4136,-0.2540545,-0.3159455,-0.2771199,339.7734,237.8149,8.243479
0.9005443,0.05022573,0.0326684,-0.06221694,329.2953,269.8469,351.4444,-0.2533409,-0.3169124,-0.2801503,339.9125,237.1125,8.548106
0.9125689,0.05025929,0.0327398,-0.06188618,329.2878,269.7875,351.4036,-0.252371,-0.3175885,-0.2829399,339.8725,236.4915,8.783943
0.924348,0.05024569,0.03277354,-0.06164576,329.2484,269.7268,351.423,-0.2515935,-0.3183521,-0.2854488,339.7238,236.0919,8.78571
0.9353739,0.05036984,0.03288053,-0.06139218,329.2476,269.6731,351.3682,-0.2508747,-0.3192255,-0.2876539,339.4318,235.8188,8.526019
0.9467127,0.05037704,0.03292064,-0.06110064,329.1841,269.6104,351.3935,-0.2502066,-0.3201693,-0.2897314,339.267,235.5929,7.962146
0.958105,0.05034052,0.03296195,-0.0609022,329.1613,269.5919,351.4245,-0.2493106,-0.3209328,-0.2921458,339.2183,235.2315,7.627118
0.9694771,0.05029289,0.03304115,-0.06069286,329.1469,269.5841,351.3963,-0.2480228,-0.3215326,-0.2948686,338.9672,234.4648,7.647468
0.9810383,0.05030087,0.0331347,-0.06041422,329.0761,269.5594,351.3762,-0.2466188,-0.3220182,-0.2976868,338.5375,233.5553,7.691072
0.9921297,0.05025755,0.03318125,-0.06020925,329.0533,269.5373,351.3846,-0.2450016,-0.3223299,-0.3005445,337.9738,232.588,7.758101
1.003603,0.05020621,0.03325795,-0.05995785,329.0269,269.5108,351.3651,-0.2434042,-0.3226964,-0.3033438,337.5049,231.7428,7.866324
1.014639,0.05021388,0.03333876,-0.05962004,328.9917,269.4344,351.3658,-0.2420283,-0.3232193,-0.3062802,337.4147,230.9963,7.978711
1.026249,0.05016513,0.03338911,-0.05946849,329.0019,269.4439,351.3209,-0.2407148,-0.3237877,-0.3092227,337.4313,230.307,8.14568
1.037533,0.05018268,0.03344434,-0.05923446,328.9744,269.4206,351.2926,-0.2395695,-0.3244847,-0.3121598,337.6282,229.6096,8.43141
1.048641,0.05000868,0.03340045,-0.05911439,328.9657,269.4394,351.314,-0.2386253,-0.3252878,-0.3148524,337.8478,229.1282,8.621847
1.05971,0.04999263,0.03341261,-0.05888819,328.9639,269.3976,351.3164,-0.2377749,-0.3260802,-0.3173364,338.0368,228.8782,8.854027
1.070962,0.04998595,0.03342586,-0.05865949,328.9164,269.3679,351.258,-0.2369786,-0.3268824,-0.3197258,338.1581,228.5147,9.076185
1.082159,0.04993044,0.0334167,-0.05855839,328.9269,269.3705,351.2466,-0.2364287,-0.3277596,-0.321761,338.3212,228.1741,9.074501
1.093307,0.04991975,0.03338574,-0.05838454,328.9033,269.3215,351.2342,-0.2359962,-0.3286833,-0.3237374,338.5684,227.9413,9.028348
1.104889,0.04996531,0.03337531,-0.05819505,328.9168,269.2341,351.2239,-0.2356436,-0.3294545,-0.3256361,338.9456,227.8523,9.049958
1.115545,0.04995188,0.03331451,-0.05805269,328.874,269.1593,351.1316,-0.2350623,-0.3300241,-0.3277721,339.2843,227.5032,9.503707
1.126662,0.04989516,0.03327321,-0.05795413,328.9418,269.1332,351.1548,-0.2344679,-0.3305461,-0.3296875,339.4406,226.8656,9.812346
1.137779,0.04980443,0.03322094,-0.05787853,328.9261,269.0989,351.1449,-0.2343277,-0.3309701,-0.3311325,339.5998,226.5005,9.515584
1.149076,0.04970143,0.03319595,-0.05784877,328.9369,269.1061,351.1056,-0.2344631,-0.3313566,-0.3323836,339.8844,226.0503,8.928823
1.160074,0.04966466,0.03313517,-0.057716,328.9556,269.0035,351.0899,-0.234428,-0.3318193,-0.33317,339.98,225.8721,8.338924
1.171258,0.0496184,0.03311495,-0.05768025,328.957,268.9888,351.0846,-0.2344371,-0.3322242,-0.3337218,340.1366,226.0936,8.019749
1.182409,0.04951894,0.03307525,-0.05761077,328.9455,268.9588,351.0916,-0.2344456,-0.3325768,-0.3335134,340.3211,227.2135,7.921682
1.193527,0.04948152,0.03308367,-0.0575643,328.9871,268.9557,351.0753,-0.2344564,-0.3329932,-0.3332271,340.5671,228.106,8.324428
1.204618,0.04940734,0.03305907,-0.05750822,328.9805,268.9326,351.0607,-0.2345582,-0.3331028,-0.3328997,341.0015,228.898,8.601282
1.215848,0.04933163,0.0330439,-0.05744976,328.9907,268.9216,351.0635,-0.2335213,-0.3337063,-0.3315212,340.8328,229.4282,9.255553
1.226982,0.04937554,0.03303985,-0.05742239,328.9982,268.8989,351.0343,-0.2335629,-0.3340458,-0.329974,341.1882,229.3126,9.411409
1.23799,0.04941684,0.03303707,-0.05741194,328.996,268.8983,350.9956,-0.234415,-0.3341745,-0.3279577,341.8239,230.5296,8.844051
1.248762,0.04937547,0.03302936,-0.05734816,328.9984,268.8806,351.0174,-0.2350547,-0.3343018,-0.3254512,341.6268,231.6815,8.595108
1.260333,0.04947428,0.03305801,-0.0573242,328.9955,268.8809,350.9932,-0.2362028,-0.3344311,-0.3225455,342.0542,232.7114,8.047595
1.271605,0.0495124,0.03307167,-0.05728711,328.9735,268.8932,350.9855,-0.2375819,-0.3348064,-0.3195447,342.6791,233.9137,7.40961
1.282571,0.04971781,0.03314335,-0.05728119,328.9527,268.8999,350.925,-0.2399359,-0.3355891,-0.3156141,343.8285,235.8402,6.319617
1.293372,0.04980282,0.03319829,-0.05727157,328.9279,268.9251,350.8956,-0.2425478,-0.3366284,-0.3112102,345.219,238.1267,5.352715
1.304837,0.04995023,0.03326287,-0.05727728,328.876,268.9451,350.8604,-0.2449711,-0.3377372,-0.3068671,346.5806,240.3765,4.724813
1.315924,0.05000431,0.03331279,-0.05727969,328.8747,268.953,350.8431,-0.2476169,-0.339065,-0.3021633,348.3618,243.1295,4.662699
1.32719,0.05013816,0.03337182,-0.05731783,328.8561,268.9592,350.8134,-0.2497812,-0.3401179,-0.2978691,350.1716,245.7746,5.672394
1.33872,0.05015189,0.03340121,-0.05733399,328.8634,268.9776,350.8235,-0.2512102,-0.3406089,-0.2938922,351.5612,248.0678,7.295
1.34945,0.05025095,0.03344872,-0.05738268,328.8632,268.9766,350.8073,-0.2521777,-0.3407847,-0.2895328,352.4711,250.2902,8.634037
1.360504,0.05052448,0.03353323,-0.05752917,328.8385,268.9973,350.8255,-0.2525892,-0.3405036,-0.284965,353.0435,252.1543,9.960352
1.371729,0.05077298,0.03364017,-0.05764188,328.8421,268.997,350.8651,-0.2531407,-0.3402551,-0.2801914,353.1547,253.5946,10.18136
1.383184,0.05099349,0.03374069,-0.05774147,328.7804,268.9828,350.889,-0.2537433,-0.3402223,-0.2753984,353.0727,255.1208,9.888241
1.393794,0.05142755,0.03394417,-0.05791003,328.6821,269.0463,350.9453,-0.2539336,-0.3402552,-0.2707185,352.9803,256.0958,9.422587
1.405142,0.05174888,0.03411449,-0.05801471,328.558,269.1336,350.9293,-0.254239,-0.3401447,-0.2657563,353.2056,257.2711,8.783741
1.416042,0.05194319,0.03426115,-0.05801219,328.4643,269.3016,350.9712,-0.2543792,-0.33994,-0.2606571,353.3725,259.1112,8.141413
1.426883,0.05213843,0.03441177,-0.0579907,328.4033,269.3748,350.9664,-0.254491,-0.3396468,-0.255572,353.5544,260.8641,7.916997
1.438636,0.05223786,0.03452803,-0.05802602,328.3198,269.4698,350.9168,-0.2542465,-0.3391623,-0.250764,353.6689,262.7174,8.089187
1.44961,0.05230496,0.03460459,-0.05804231,328.2341,269.5657,350.9797,-0.2540424,-0.3383956,-0.2460538,353.7449,264.6442,8.506642
1.460513,0.05238978,0.03469308,-0.05809969,328.1602,269.6593,350.9743,-0.2537089,-0.3372746,-0.2415943,353.7841,266.5509,9.162236
1.471703,0.05250653,0.03483374,-0.0581876,328.2165,269.777,350.9871,-0.2538877,-0.3364976,-0.2377333,354.0495,267.9138,9.558852
1.482631,0.05252438,0.03488777,-0.05822347,328.1817,269.8345,350.9921,-0.2540716,-0.3360167,-0.2340925,354.4934,268.8902,9.534993
1.493737,0.05258548,0.03495985,-0.05822416,328.1823,269.9178,351.0422,-0.2539595,-0.3355464,-0.2305286,354.7749,269.992,9.378484
1.504803,0.05260843,0.03504065,-0.05827394,328.1499,270.0258,351.0018,-0.2539988,-0.3346746,-0.2271234,354.4736,270.7529,8.953176
1.515914,0.05268753,0.03510602,-0.05831315,328.0841,270.1319,351.0179,-0.2538476,-0.3337468,-0.2241479,353.6298,271.0832,8.338838
1.527652,0.05271438,0.03519911,-0.05834796,328.006,270.2578,351.0162,-0.2531075,-0.3330203,-0.2211518,353.1247,271.1085,8.135188
1.548264,0.05272159,0.0353363,-0.05834321,327.9804,270.3527,350.959,-0.2538288,-0.3327123,-0.2174375,353.9335,272.4432,7.436475
1.555776,0.05278044,0.03542882,-0.05837607,327.9124,270.4823,350.9665,-0.2542256,-0.3322287,-0.213862,354.1665,273.6498,7.115494
1.560313,0.05293943,0.03555603,-0.05843811,327.8702,270.576,350.9128,-0.2546739,-0.3318712,-0.2105288,354.5582,274.9653,7.015528
1.571955,0.05286023,0.03558739,-0.05841406,327.7615,270.6895,350.9426,-0.2549853,-0.3313946,-0.2075225,355.1959,276.0819,7.055194
1.582736,0.05288671,0.03571282,-0.0584567,327.781,270.8205,350.9046,-0.2553706,-0.3301935,-0.2054186,355.3805,277.0841,7.735382
1.59391,0.05292192,0.03580879,-0.05847367,327.7932,270.8914,350.9169,-0.2560619,-0.3288853,-0.2034609,355.3686,277.6968,8.428576
1.605024,0.05287842,0.03590991,-0.05855142,327.7949,270.9832,350.8878,-0.257171,-0.327378,-0.2024633,355.1667,277.7933,9.395844
1.616166,0.05283528,0.03595026,-0.0585602,327.811,270.9806,350.8809,-0.2585753,-0.326125,-0.2015041,355.1699,277.8513,10.09148
1.627022,0.05271596,0.03598564,-0.05859628,327.694,271.0604,350.9338,-0.2600497,-0.3251368,-0.2008282,355.2436,277.6387,10.3093
1.638496,0.05265659,0.0360857,-0.05868544,327.6355,271.1595,350.8845,-0.2605994,-0.3243403,-0.2000369,354.9564,277.3605,9.994474
1.649103,0.0526262,0.03619323,-0.05868103,327.6039,271.1996,350.9314,-0.2605056,-0.323969,-0.1989223,354.6217,276.9359,8.865734
1.660378,0.05254867,0.03629677,-0.0587092,327.5118,271.2716,350.9309,-0.2604738,-0.3236251,-0.1975523,354.4113,276.751,7.565757
1.671092,0.05245269,0.03642615,-0.05872541,327.4537,271.3802,350.8891,-0.2605269,-0.3232564,-0.1962716,354.1982,277.0346,6.528262
1.682426,0.05237529,0.03651438,-0.05871786,327.4298,271.4448,350.8334,-0.2607394,-0.3229656,-0.1952303,354.3315,277.679,6.371391
1.693336,0.05222303,0.03662447,-0.05872815,327.3702,271.566,350.8015,-0.2609713,-0.3229437,-0.1947444,355.0419,277.9844,7.123008
1.704681,0.0521092,0.03669166,-0.05870703,327.3687,271.586,350.7701,-0.2613084,-0.3225971,-0.1944464,355.8491,278.4531,8.276317
1.715631,0.05195918,0.03675703,-0.05871958,327.3264,271.6605,350.7773,-0.2614972,-0.3218872,-0.1941539,356.0568,278.8797,9.215459
1.72671,0.05179275,0.03684596,-0.05878469,327.3131,271.7416,350.7189,-0.2615239,-0.3211684,-0.1940441,355.6956,278.9105,9.925361
1.737663,0.05163735,0.03685391,-0.05873456,327.2852,271.7416,350.7888,-0.2613253,-0.3206294,-0.1940645,355.1694,278.6407,10.11509
1.749118,0.05151361,0.0369043,-0.05877177,327.2995,271.7832,350.7455,-0.2613379,-0.3204523,-0.1943368,354.9019,278.256,10.09566
1.759874,0.05136946,0.03693819,-0.05878115,327.2788,271.812,350.7338,-0.260933,-0.3200054,-0.1949583,354.3646,277.5284,9.998979
1.771496,0.05122523,0.03697268,-0.058775,327.2535,271.8329,350.73,-0.2596045,-0.3201012,-0.1959625,353.3961,276.2747,10.00989
1.782185,0.05106348,0.03703387,-0.05876926,327.2249,271.8662,350.7272,-0.2595222,-0.3207244,-0.1949441,353.806,275.5202,7.888682
1.793424,0.05092629,0.03711487,-0.05880831,327.1911,271.9141,350.6788,-0.259801,-0.3216073,-0.1944451,354.1028,276.5296,6.341527
1.804422,0.05075192,0.03722845,-0.0588715,327.1399,272.0065,350.6338,-0.2599241,-0.3219394,-0.1945185,354.2803,276.2171,5.778502
1.81606,0.05067493,0.03727512,-0.0588397,327.1476,271.9987,350.6165,-0.2599678,-0.3219691,-0.1949695,354.6167,276.11,5.831432
1.82699,0.05055229,0.0373486,-0.05887602,327.1222,272.051,350.5781,-0.2599911,-0.321704,-0.1955994,354.5373,276.2317,6.21472
1.838583,0.05035828,0.03743916,-0.0589769,327.0461,272.1581,350.5081,-0.2600632,-0.3214122,-0.1963488,354.3831,276.1355,6.560749
1.84932,0.05027687,0.03743047,-0.05892967,327.0517,272.1309,350.5276,-0.2603713,-0.3210483,-0.197092,354.2282,275.9823,6.831587
1.860234,0.05015732,0.03746324,-0.05895476,327.0469,272.1544,350.4816,-0.2609293,-0.3204202,-0.1980623,353.8021,275.8436,7.362574
1.871074,0.05002186,0.03749043,-0.05900692,327.0343,272.196,350.4392,-0.2616195,-0.3198007,-0.1991165,353.4143,275.7505,7.907156
1.882622,0.04987557,0.03747548,-0.05900473,327.0356,272.2151,350.4461,-0.2619156,-0.319218,-0.2000692,352.9641,275.4865,7.921994
1.893347,0.04973388,0.03749032,-0.05908929,327.0487,272.2556,350.4173,-0.2614061,-0.3185968,-0.2011051,352.1677,274.9425,7.240835
1.904492,0.04958233,0.03748993,-0.05917788,327.0683,272.2583,350.4132,-0.2609028,-0.3181277,-0.2022025,351.48,274.0928,6.455453
1.916715,0.04938221,0.03748189,-0.05930606,327.0707,272.2772,350.397,-0.2605255,-0.3173769,-0.2034445,350.5304,272.697,5.225802
1.926732,0.04924715,0.03747941,-0.05939168,327.0978,272.2679,350.4228,-0.2604885,-0.3165209,-0.2049179,349.278,271.4345,4.132337
1.937762,0.04910923,0.03748018,-0.05955226,327.1022,272.2196,350.451,-0.2601485,-0.3155733,-0.2067852,347.8555,270.3784,3.381327
1.948934,0.04901363,0.03747982,-0.05961086,327.0976,272.2222,350.4451,-0.2595937,-0.3143303,-0.2089128,346.488,268.7962,3.044936
1.960071,0.04889696,0.03749446,-0.05976348,327.0981,272.1984,350.4443,-0.2591242,-0.3129668,-0.2114871,345.0138,266.8582,2.977044
1.971002,0.04879556,0.03749892,-0.05991083,327.0861,272.1631,350.4654,-0.2588336,-0.3118737,-0.2139891,343.7263,265.1232,2.775263
1.982104,0.04869257,0.03750356,-0.06004222,327.0849,272.1416,350.4781,-0.2588061,-0.3110758,-0.21634,342.8389,263.5748,2.420824
1.993467,0.04864414,0.03751974,-0.06023776,327.0959,272.1033,350.5177,-0.2589585,-0.3105394,-0.2186477,342.3979,262.3626,2.109534
2.004679,0.04859723,0.03754682,-0.06047551,327.1277,272.0538,350.5159,-0.2591743,-0.3100705,-0.2209758,342.1641,261.2844,1.888879
2.015858,0.04846001,0.03750502,-0.06054505,327.0969,272.0514,350.5453,-0.2607929,-0.3088193,-0.2223951,341.9821,260.2887,1.929939
2.026736,0.0484096,0.03750608,-0.06070981,327.1028,272.0113,350.5783,-0.262502,-0.3074253,-0.2235374,341.7649,259.5032,2.182756
2.03811,0.04840738,0.03751224,-0.06091582,327.1182,271.9621,350.6061,-0.2628827,-0.306213,-0.226091,341.4946,258.5107,3.127368
2.049099,0.0484362,0.03753662,-0.06109505,327.1465,271.9188,350.6371,-0.2625182,-0.3051307,-0.2292381,340.9345,257.1598,4.152369
2.060135,0.04839719,0.03753655,-0.06119758,327.1113,271.8918,350.6527,-0.2599556,-0.3048635,-0.2323782,339.8169,255.5188,5.410514
2.0714,0.04844141,0.03755688,-0.06144161,327.0497,271.8014,350.7299,-0.2587553,-0.304796,-0.2339885,339.4925,253.6946,5.164642
2.082275,0.04852593,0.03761448,-0.06154216,327.057,271.7271,350.7495,-0.2589116,-0.3047965,-0.235237,339.6732,253.8954,3.575098
2.09369,0.04859021,0.03767449,-0.0616737,327.0224,271.711,350.7325,-0.2590227,-0.3049306,-0.2371703,339.2943,253.6398,3.261653
2.104511,0.0486509,0.03771337,-0.06177722,326.9585,271.6722,350.7679,-0.2592515,-0.3048815,-0.2401307,339.7381,252.3785,3.697685
2.11604,0.04864592,0.03774063,-0.06182316,326.9484,271.693,350.7568,-0.2591444,-0.3048347,-0.2433833,339.8641,250.4599,4.107943
2.127155,0.04871984,0.0377759,-0.06190788,326.9304,271.6496,350.7658,-0.2590364,-0.3046542,-0.2460667,339.511,249.2838,4.156304
2.138059,0.04877365,0.03782035,-0.06203752,326.9144,271.6477,350.7257,-0.2590643,-0.3046575,-0.2487623,339.115,248.4162,4.460865
2.149297,0.04884249,0.0378443,-0.06216568,326.8981,271.5881,350.7321,-0.2594318,-0.3048879,-0.2516551,339.2122,247.5434,4.867004
2.160262,0.04885438,0.03785208,-0.06225091,326.9004,271.5666,350.7277,-0.2601945,-0.305244,-0.2549919,339.5844,246.6897,5.396035
2.171623,0.04909507,0.03788301,-0.06242988,326.9309,271.3817,350.7534,-0.2608408,-0.3056375,-0.2585406,339.9031,245.8622,6.187654
2.182682,0.04913255,0.03788234,-0.06252816,326.9272,271.3532,350.7455,-0.261377,-0.3063009,-0.2616031,340.3953,245.3947,6.54511
2.193924,0.04919689,0.03787557,-0.06258554,326.9093,271.2957,350.7503,-0.2610996,-0.3070331,-0.264087,340.6577,245.1391,6.543101
2.204824,0.04935345,0.03786886,-0.06264847,326.8756,271.1892,350.7626,-0.2604956,-0.3078217,-0.2661717,340.6135,243.9771,6.41595
2.215847,0.0494096,0.03789486,-0.06270338,326.8732,271.1988,350.7156,-0.2604471,-0.3081144,-0.2684083,340.2523,242.7254,6.05492
2.226923,0.04956424,0.03792315,-0.06275677,326.8839,271.1429,350.7093,-0.2597211,-0.3085406,-0.270389,339.2274,242.5688,5.864472
2.238243,0.04973787,0.03792929,-0.06286205,326.8241,271.0515,350.6753,-0.2590004,-0.3088496,-0.2728653,338.7514,241.3714,6.23971
2.248989,0.0498715,0.03795791,-0.06291787,326.865,271.0117,350.6817,-0.2583444,-0.308883,-0.2752436,338.2699,239.6587,6.375713
2.260893,0.04992402,0.03794057,-0.06293641,326.8545,270.9623,350.7331,-0.2577367,-0.3088456,-0.2773638,337.3952,238.5732,6.090885
2.271727,0.05005366,0.0379588,-0.06300334,326.8473,270.9162,350.7242,-0.2572043,-0.3087555,-0.2796058,336.8188,237.8929,6.186519
2.282852,0.05021053,0.03798373,-0.06306873,326.8204,270.8626,350.7297,-0.2567206,-0.3085502,-0.2819102,336.6936,237.2781,6.599107
2.293742,0.05032939,0.03798949,-0.06310397,326.753,270.8009,350.7709,-0.2561651,-0.3083317,-0.2846548,336.8254,236.7576,7.485248
2.305091,0.05050677,0.03806666,-0.06319484,326.7238,270.7553,350.7216,-0.2557434,-0.3083198,-0.2874535,336.9603,235.9258,8.397283
2.316042,0.05044406,0.0380763,-0.06317797,326.739,270.7987,350.7302,-0.2555139,-0.3083861,-0.2901381,337.2069,235.1582,8.921635
2.32701,0.05064192,0.03810631,-0.06318615,326.6765,270.7215,350.7505,-0.2553023,-0.3084234,-0.2927154,337.3746,234.5864,9.236698
2.338729,0.05072185,0.03817406,-0.06318546,326.723,270.7106,350.7172,-0.2549925,-0.3084379,-0.2953842,337.4807,234.031,9.765958
2.349403,0.05090295,0.03822808,-0.06315504,326.7021,270.6381,350.7307,-0.2546036,-0.3083076,-0.2981482,337.5746,233.4196,10.35482
2.360345,0.05103065,0.03828224,-0.06319682,326.6682,270.6414,350.6698,-0.2541339,-0.3081906,-0.3011823,337.8076,232.7511,10.87307
2.371843,0.05108924,0.03830985,-0.06317523,326.6757,270.6273,350.6898,-0.2533983,-0.3080079,-0.3040235,338.1658,232.0104,11.25892
2.383116,0.05137663,0.0383812,-0.06318479,326.646,270.5632,350.6664,-0.2523006,-0.3077313,-0.30685,338.0805,231.127,11.92122
2.393694,0.05157162,0.03844379,-0.06317367,326.6021,270.522,350.6606,-0.2512952,-0.3069372,-0.3097458,337.6738,229.8824,12.41454
2.40485,0.05162942,0.03846668,-0.06313729,326.6021,270.5126,350.6858,-0.2495934,-0.306535,-0.3119943,336.5243,228.8852,12.69694
2.416363,0.05187675,0.03854545,-0.06311055,326.5611,270.4746,350.6598,-0.2485469,-0.3059928,-0.3136585,335.9034,227.1541,12.08804
2.426994,0.05198408,0.03859162,-0.06309525,326.5318,270.4963,350.6339,-0.2475533,-0.3054344,-0.3155174,335.2095,226.3271,11.35548
2.438378,0.05222227,0.03867393,-0.06300907,326.4847,270.4529,350.6256,-0.2464397,-0.3048246,-0.3171737,334.395,225.7025,10.88521
2.449228,0.05237617,0.03873788,-0.06293463,326.4308,270.44,350.6472,-0.2453335,-0.3040156,-0.3192061,334.0748,225.1472,10.9388
2.460537,0.05252344,0.0388299,-0.06291645,326.4146,270.4602,350.5933,-0.2443842,-0.3031914,-0.3215941,333.9766,224.6033,11.47218
2.471467,0.05274666,0.03889918,-0.06283312,326.3571,270.4002,350.5915,-0.2436253,-0.302526,-0.3238134,333.9248,223.9501,11.84976
2.482609,0.05287352,0.03894878,-0.06279215,326.3099,270.394,350.5959,-0.243164,-0.3019346,-0.3256984,333.943,223.633,11.91551
2.494424,0.05290365,0.03897792,-0.06275743,326.3405,270.3719,350.6143,-0.2431696,-0.3014867,-0.3272965,334.1556,223.8397,11.79827
2.504831,0.05308594,0.03904489,-0.06272658,326.3105,270.3356,350.5836,-0.2433264,-0.301064,-0.3288199,334.2647,224.0822,11.70794
2.515986,0.05313656,0.03907317,-0.06270292,326.3038,270.329,350.6026,-0.2438145,-0.3007026,-0.3301805,334.3913,224.4639,11.39983
2.52741,0.05314153,0.03909697,-0.06269246,326.311,270.3358,350.5979,-0.2440924,-0.3001666,-0.3316746,334.5249,224.8118,11.23164
2.538331,0.05339463,0.03918774,-0.06263632,326.2876,270.2928,350.576,-0.2438448,-0.2992412,-0.3336804,334.4418,225.048,11.8862
2.549354,0.05347563,0.03923779,-0.06259735,326.295,270.2682,350.5872,-0.2433142,-0.2982421,-0.3357719,334.3507,224.6936,12.67161
2.560187,0.05361756,0.0393034,-0.06254401,326.2806,270.2233,350.5994,-0.24298,-0.2974152,-0.3373233,334.3506,224.339,12.50114
2.572049,0.05384055,0.03939034,-0.06250129,326.2675,270.1575,350.5731,-0.2423155,-0.2968892,-0.3374787,333.8324,223.962,11.41458
2.582736,0.05400789,0.03944132,-0.06244302,326.2239,270.1011,350.5543,-0.2423054,-0.2962195,-0.3379399,333.7211,223.3339,10.39441
2.593874,0.05422994,0.03953079,-0.06234124,326.2504,270.0304,350.5331,-0.2423372,-0.2952822,-0.3383516,333.501,223.8091,9.629224
2.605054,0.05419895,0.03953405,-0.06232193,326.2257,270.0765,350.5179,-0.2417969,-0.2946955,-0.3382168,332.9943,224.4884,9.495434
2.616167,0.0543301,0.03958831,-0.0622194,326.2062,270.0492,350.4781,-0.2416791,-0.2939498,-0.3380972,333.5422,224.4878,9.581163
2.627263,0.05441647,0.03963989,-0.06218534,326.2336,270.0743,350.431,-0.2414771,-0.2933779,-0.3379881,333.8054,224.8376,9.646452
2.63857,0.05465831,0.03971096,-0.06204344,326.2546,269.9929,350.3909,-0.2411368,-0.2926288,-0.3379582,334.0063,225.3396,9.958808
2.649574,0.05482952,0.03975826,-0.06196301,326.2749,269.957,350.3433,-0.2406336,-0.2919362,-0.3376851,334.1182,225.3089,10.52336
2.66051,0.05486001,0.03976173,-0.06192853,326.2758,269.9498,350.3495,-0.2403853,-0.2913569,-0.3368643,334.1167,225.3873,10.48829
2.671525,0.05495765,0.03978047,-0.06186877,326.2764,269.9352,350.3436,-0.2386584,-0.2923461,-0.3378641,333.9101,225.9495,9.752986
2.682541,0.05520833,0.03981905,-0.0617594,326.2775,269.8791,350.3237,-0.2367532,-0.2934918,-0.3393216,333.7096,226.5562,9.091099
2.693953,0.0552772,0.03983546,-0.06173219,326.2602,269.904,350.3008,-0.2364892,-0.2932926,-0.3387461,333.5899,226.8911,8.968719
2.705046,0.05535705,0.03986857,-0.06168183,326.2715,269.9076,350.3054,-0.2361705,-0.2930408,-0.3382025,333.5825,226.8767,9.116583
2.716157,0.05561239,0.03991891,-0.06158832,326.2485,269.898,350.2781,-0.2360187,-0.2928323,-0.3375708,333.7068,226.953,9.143561
2.727501,0.05582484,0.03996724,-0.06151174,326.2248,269.9202,350.246,-0.2359289,-0.2926567,-0.3368558,333.7372,227.2487,9.115757
2.738641,0.05609766,0.04000073,-0.06136858,326.1712,269.9064,350.244,-0.2359447,-0.2924669,-0.3360369,333.6898,227.5396,9.123562
2.749465,0.05632416,0.04006498,-0.06129878,326.1622,269.9158,350.1866,-0.2360387,-0.292273,-0.3352339,333.6302,227.756,9.113508
2.760608,0.05647012,0.0400999,-0.0612388,326.1713,269.9477,350.1764,-0.2362188,-0.2920915,-0.3343732,333.7002,228.0004,9.108798
2.77232,0.05678309,0.04016533,-0.06113267,326.1334,269.988,350.1329,-0.2366727,-0.2919825,-0.3333123,333.9111,228.4184,9.059595
2.782722,0.05708169,0.04021825,-0.06102392,326.0899,270.0496,350.1229,-0.237301,-0.2919388,-0.3321256,334.0915,229.0945,8.965545
2.793843,0.05722135,0.04025408,-0.06097298,326.0835,270.049,350.103,-0.2378675,-0.2918624,-0.3309841,334.1887,229.656,8.872418
2.804923,0.05737193,0.04028271,-0.06091594,326.0758,270.061,350.103,-0.2383647,-0.2917212,-0.3299737,334.2635,229.8954,8.935547
2.816094,0.05753763,0.04032061,-0.06086887,326.0573,270.0867,350.0976,-0.2387698,-0.2916082,-0.3288794,334.2712,229.9738,9.092238
2.827641,0.05782561,0.04037679,-0.06081425,326.0155,270.1422,350.0935,-0.2393338,-0.2915381,-0.3275661,334.3183,230.1549,9.052353
2.838962,0.05789956,0.04040534,-0.06081021,326.0196,270.1357,350.066,-0.2400928,-0.2914269,-0.3259776,334.2682,230.5692,8.810035
2.849422,0.05816523,0.0404354,-0.06075379,325.9465,270.1485,350.0789,-0.2410595,-0.2912294,-0.3239501,334.1852,231.1112,8.427267
2.860562,0.05837907,0.04048933,-0.06075492,325.9175,270.187,350.0429,-0.2421637,-0.2911564,-0.3217298,334.2226,231.8772,7.999002
2.871536,0.058659,0.04050794,-0.06067069,325.7582,270.1658,350.0516,-0.2435664,-0.2912391,-0.3191558,334.4488,232.9006,7.53864
2.88295,0.05876432,0.04057911,-0.06062024,325.6717,270.1842,350.0418,-0.2448466,-0.2912924,-0.3163967,334.6718,233.9978,7.186983
2.894222,0.05870743,0.04064231,-0.06061187,325.7505,270.1902,350.0265,-0.2459156,-0.2910824,-0.3133233,334.8618,235.2207,7.124467
2.905098,0.05877144,0.04076806,-0.06057092,325.7018,270.2124,349.9485,-0.2468267,-0.2907352,-0.3101282,335.0451,236.3172,7.358801
2.917127,0.05875049,0.04081465,-0.06054974,325.7551,270.2227,349.9386,-0.2476094,-0.290233,-0.3065414,335.0926,237.5799,7.813394
2.927558,0.05879655,0.04088594,-0.06052212,325.765,270.2661,349.9128,-0.2482653,-0.289513,-0.302651,334.9412,238.9672,8.132902
2.9387,0.05886958,0.04095544,-0.06049799,325.7831,270.2733,349.8993,-0.2488687,-0.2887522,-0.2985713,334.7444,240.2058,8.253609
2.94999,0.05894548,0.04102268,-0.06049751,325.7808,270.2848,349.8871,-0.2494227,-0.2879459,-0.2941667,334.4835,241.4811,8.07453
2.960733,0.05902271,0.04107742,-0.06048681,325.7733,270.2776,349.8988,-0.2516829,-0.286491,-0.2898408,334.4191,242.5354,7.650175
2.972339,0.05927239,0.04121144,-0.06047153,325.7319,270.2806,349.9189,-0.2542467,-0.2847313,-0.2860367,334.3221,243.1092,6.890428
2.982943,0.05956939,0.04133341,-0.06041868,325.607,270.2837,349.9383,-0.2549031,-0.283665,-0.2821805,333.8201,243.4894,6.133666
2.994253,0.05973359,0.04139692,-0.06037278,325.6045,270.319,349.9147,-0.2552465,-0.282302,-0.2786123,333.0333,243.4099,5.585692
3.005154,0.05992403,0.04146073,-0.06030542,325.5786,270.4427,349.9026,-0.2555151,-0.281011,-0.2751397,332.2737,243.3804,5.225954
3.016215,0.0600856,0.04150015,-0.06020176,325.5704,270.5357,349.8554,-0.2558051,-0.2797254,-0.271867,331.5923,243.3719,4.9715
3.027714,0.06014969,0.04153434,-0.06011757,325.5856,270.5557,349.8427,-0.2563495,-0.2786068,-0.268564,331.2531,243.5995,4.655962
3.038777,0.06027653,0.04159692,-0.06002349,325.5958,270.6207,349.8532,-0.2570578,-0.2777443,-0.2653482,331.3071,244.0672,4.35912
3.049555,0.06031585,0.04166546,-0.06003017,325.5662,270.6599,349.7883,-0.2578206,-0.2771458,-0.2622587,331.7368,244.6454,4.437339
3.061038,0.0604514,0.04184264,-0.06000149,325.5471,270.7798,349.7288,-0.2586152,-0.2767405,-0.2589645,332.4524,245.6724,4.527576
3.072251,0.060467,0.04194416,-0.05995274,325.5235,270.7779,349.7356,-0.259577,-0.2768127,-0.255749,333.5537,247.2423,5.015031
3.083245,0.06051503,0.04210956,-0.05993152,325.4647,270.865,349.7072,-0.2608794,-0.27707,-0.252616,334.9228,248.6788,5.590054
3.094203,0.0605362,0.0422829,-0.05994559,325.4343,270.9401,349.6762,-0.2626641,-0.2778963,-0.24942,336.7701,250.261,5.992491
3.10575,0.06050674,0.04243862,-0.05997532,325.3797,270.9994,349.6424,-0.2647284,-0.2791922,-0.2458851,338.7571,252.1465,5.927711
3.11719,0.06048827,0.04260051,-0.06008292,325.3604,271.1212,349.5786,-0.2667099,-0.280614,-0.2422507,340.6671,254.0163,5.80858
3.127532,0.06044627,0.04267816,-0.06015845,325.343,271.1481,349.5511,-0.2685384,-0.2823826,-0.2386035,342.48,255.9041,5.787852
3.138565,0.06040116,0.0427931,-0.06029218,325.3029,271.194,349.5607,-0.2698553,-0.2838981,-0.2353346,344.0472,257.716,6.161646
3.149759,0.06036498,0.04290372,-0.0604667,325.2256,271.2105,349.6322,-0.2706164,-0.2849082,-0.2330382,345.295,259.05,7.447328
3.160716,0.06036533,0.04296125,-0.06063534,325.1702,271.174,349.7099,-0.2713809,-0.2858093,-0.2312231,346.546,259.8691,9.113128
3.171777,0.06032277,0.04295978,-0.06089928,325.0547,271.0723,349.9351,-0.2722932,-0.287046,-0.2296201,347.9092,260.657,10.61032
3.182989,0.06024636,0.04292888,-0.06114171,324.989,271.035,350.0085,-0.2732301,-0.2884639,-0.2275569,348.9976,261.6055,11.25364
3.193807,0.06017593,0.04282023,-0.06120035,325.0025,270.9275,350.2195,-0.2740754,-0.2900205,-0.2252798,349.631,262.2424,10.80329
3.205149,0.06009076,0.04273542,-0.06125678,325.0371,270.9417,350.3538,-0.2748701,-0.2916378,-0.222991,350.0687,262.6426,10.02885
3.216652,0.0599187,0.04261672,-0.06120384,324.999,271.0087,350.4351,-0.2757607,-0.293427,-0.2209364,350.6179,262.8931,9.019551
3.227382,0.05981868,0.04255838,-0.0611011,325.0247,271.1179,350.4712,-0.2767783,-0.2954569,-0.2191517,351.5562,263.0999,8.518359
3.238351,0.05975438,0.04252324,-0.06083549,325.0652,271.1976,350.4683,-0.2775568,-0.2973764,-0.217449,352.4761,263.472,8.521059
3.249408,0.05957642,0.04244742,-0.06061545,325.0347,271.3469,350.4397,-0.2780155,-0.2989579,-0.2160151,353.0475,263.9324,8.9797
3.260679,0.05948019,0.04245958,-0.06039075,325.1293,271.5248,350.3677,-0.278334,-0.3004694,-0.2146486,353.4085,264.359,9.271164
3.271883,0.05933315,0.04241022,-0.06016945,325.1638,271.6318,350.3185,-0.27857,-0.3018792,-0.2137704,353.5883,264.438,9.242104
3.283569,0.05927589,0.04239596,-0.05986186,325.2776,271.6496,350.3337,-0.2788012,-0.3033498,-0.2131474,353.8794,264.1982,9.035396
3.295098,0.05914571,0.04234378,-0.05959729,325.2941,271.7404,350.3008,-0.2789788,-0.3047972,-0.2129325,354.316,263.9397,8.826532
3.30555,0.05909385,0.04233116,-0.05939396,325.2946,271.773,350.2455,-0.2791113,-0.3063324,-0.2128593,354.8139,263.8739,8.620625
3.316674,0.05909906,0.04233479,-0.05903716,325.3297,271.8339,350.2102,-0.2792922,-0.3077146,-0.2132259,355.3918,263.8111,8.862789
3.328045,0.05905177,0.0423238,-0.05876988,325.2849,271.9185,350.1339,-0.2794788,-0.3090283,-0.2141357,356.2388,263.7836,9.770989
3.339288,0.05897252,0.04232395,-0.05834503,325.212,272.1703,349.9729,-0.2795738,-0.3103493,-0.2149324,357.0208,263.8972,10.62079
3.349803,0.05891771,0.04230355,-0.05800556,325.1546,272.2549,349.9268,-0.279525,-0.3117453,-0.2155849,357.5657,263.9783,11.2644
3.361119,0.05889296,0.04230663,-0.05773035,325.1633,272.3243,349.822,-0.2795158,-0.3133862,-0.2158035,358.1019,264.0756,11.2985
3.37224,0.05888665,0.0423047,-0.05758507,325.2246,272.369,349.8242,-0.2794128,-0.3150678,-0.2157091,358.527,264.3327,10.91233
3.384674,0.05875428,0.04226069,-0.05737411,325.2127,272.5315,349.6865,-0.2793437,-0.3168392,-0.215591,358.944,264.6012,10.606
3.394536,0.05869002,0.04223544,-0.05731312,325.2076,272.5304,349.6999,-0.2793876,-0.3186167,-0.2156435,359.4612,264.8983,10.50432
3.405624,0.05868493,0.04223492,-0.05723836,325.2765,272.5442,349.7,-0.2793761,-0.3201662,-0.2160252,359.8969,265.1534,10.55816
3.416789,0.05863969,0.04221025,-0.05715144,325.3027,272.5815,349.6671,-0.2797125,-0.3214763,-0.2172325,0.4309681,265.0879,11.32276
3.427938,0.05858894,0.042189,-0.05716964,325.2724,272.5239,349.7078,-0.2803047,-0.3228997,-0.2189172,1.033456,264.8391,12.80081
3.439317,0.05854637,0.04216136,-0.05705889,325.2832,272.5563,349.6941,-0.2809867,-0.3245257,-0.2203672,1.654724,264.7094,13.83812
3.450073,0.05852936,0.04214453,-0.05696568,325.2981,272.5508,349.6802,-0.2811469,-0.3261652,-0.2215772,2.09611,264.6091,14.49959
3.461081,0.05850594,0.04213135,-0.05688073,325.3149,272.5389,349.69,-0.2811942,-0.3282408,-0.2218818,2.933774,264.3472,14.52739
3.472339,0.05851648,0.04212911,-0.05677965,325.3135,272.4857,349.6836,-0.2818916,-0.3305951,-0.2210787,3.663485,265.1832,13.77892
3.483543,0.05850789,0.04215493,-0.05674399,325.3026,272.472,349.663,-0.2821162,-0.3329739,-0.2203045,4.171627,265.5105,13.47443
3.494533,0.05852683,0.04219015,-0.05666587,325.2747,272.4259,349.6558,-0.282324,-0.3353653,-0.2193527,5.383966,265.9868,13.49195
3.505818,0.05855378,0.04221956,-0.05660696,325.2486,272.3873,349.6403,-0.2824064,-0.3376323,-0.2176949,6.380641,267.4558,14.2587
3.516712,0.05860058,0.04225739,-0.05657894,325.2439,272.3505,349.5974,-0.2825547,-0.3401498,-0.2157542,7.638005,269.2643,15.44439
3.527844,0.0586114,0.042256,-0.05657128,325.247,272.327,349.6012,-0.2825135,-0.3429208,-0.2130453,9.172399,271.6794,16.72626
3.538993,0.05859818,0.04224982,-0.05659563,325.2542,272.3207,349.5848,-0.2823601,-0.3454737,-0.210187,10.65232,274.3279,18.16067
3.550246,0.05862295,0.04223736,-0.05657529,325.2463,272.2401,349.5975,-0.2821052,-0.3479784,-0.2071399,12.20251,277.3958,20.20136
3.561512,0.0586159,0.04224332,-0.05658884,325.2753,272.2623,349.6043,-0.281518,-0.3499469,-0.2044957,13.19553,279.8135,21.90655
3.572334,0.05864626,0.0422466,-0.05658779,325.2798,272.2224,349.6264,-0.2810147,-0.3511512,-0.2027629,13.6428,280.6285,22.67032
3.583646,0.05867504,0.04225333,-0.05660243,325.2865,272.2105,349.6301,-0.2807333,-0.352005,-0.2016599,13.4017,279.933,21.72397
3.594515,0.05875222,0.04226624,-0.05661516,325.291,272.1716,349.6458,-0.2804798,-0.3526632,-0.2007959,13.06495,278.6976,20.17917
3.605665,0.05885822,0.04227342,-0.05660532,325.2842,272.1278,349.702,-0.2797095,-0.3526067,-0.1994648,12.23301,278.1079,18.45502
3.61658,0.05890945,0.04228565,-0.05660705,325.2748,272.126,349.7148,-0.2790998,-0.3526754,-0.1980645,11.77339,278.0521,17.30775
3.627566,0.05899742,0.04230913,-0.05659597,325.2572,272.1239,349.735,-0.2786153,-0.3526956,-0.1969091,11.6852,278.3828,16.95238
3.638869,0.05910438,0.04233195,-0.0565681,325.2301,272.1369,349.7707,-0.2782036,-0.3528508,-0.1957348,11.8474,278.9255,17.16951
3.649896,0.05918962,0.04236962,-0.05652784,325.2214,272.1637,349.7755,-0.277585,-0.352861,-0.1942784,11.90764,279.7799,17.56925
3.661197,0.05927868,0.04240461,-0.05649456,325.198,272.2117,349.7842,-0.2767127,-0.3526325,-0.1924387,11.62072,280.6509,17.52452
3.672207,0.05932526,0.04242393,-0.05646412,325.2095,272.2288,349.7707,-0.2754542,-0.3519408,-0.1903434,11.08397,281.6563,17.3745
3.683231,0.05939117,0.04244613,-0.05642037,325.1761,272.2828,349.7946,-0.2738293,-0.3506099,-0.1883172,10.27433,282.6693,17.38606
3.694453,0.05942793,0.04246299,-0.056384,325.1761,272.282,349.8079,-0.2721458,-0.3490594,-0.1863857,9.269835,283.7571,17.708
3.706012,0.05949055,0.04250408,-0.05635963,325.144,272.3227,349.7908,-0.271279,-0.349116,-0.1843775,9.54586,285.0634,18.58386
3.716828,0.05955763,0.04255971,-0.056346,325.0593,272.4125,349.7605,-0.2703363,-0.3498196,-0.1820215,10.7483,285.9929,18.85642
3.727897,0.05959908,0.04257865,-0.05630348,325.0895,272.3753,349.746,-0.2690904,-0.3499827,-0.1792393,11.42471,286.8932,17.98295
3.738833,0.05964737,0.0426201,-0.05629386,325.0489,272.4327,349.6905,-0.2678249,-0.349269,-0.1768229,10.99723,287.4298,17.16589
3.749874,0.05965381,0.04262975,-0.05626236,325.0371,272.4378,349.6826,-0.2668967,-0.3479367,-0.1749611,9.923758,287.6241,16.65775
3.761038,0.05966553,0.04265207,-0.05627741,325.0423,272.4679,349.6734,-0.2663172,-0.3466374,-0.1736252,9.22487,287.4073,16.37495
3.772348,0.05967607,0.04266737,-0.05628142,325.0506,272.4641,349.6671,-0.2656301,-0.3448592,-0.1726788,8.147516,286.8281,15.97067
3.783342,0.05969054,0.04268923,-0.05630744,325.048,272.4684,349.6616,-0.2648905,-0.3432572,-0.1717646,6.731332,286.4689,15.49026
3.794587,0.05971814,0.0427198,-0.05635568,325.0496,272.4641,349.6788,-0.2646973,-0.3425768,-0.1710098,6.192175,285.9187,15.03944
3.805649,0.05975169,0.0427418,-0.05641408,325.0358,272.453,349.693,-0.2647959,-0.3420115,-0.1708866,5.983998,284.7109,14.33382
3.816682,0.05980141,0.04275978,-0.05643128,325.0363,272.4413,349.7179,-0.2649201,-0.3409207,-0.1710263,5.435214,283.1786,13.59567
3.82761,0.05985919,0.04279492,-0.05646254,325.0125,272.4515,349.7292,-0.2644094,-0.3394938,-0.1712749,4.667142,282.2714,13.27068
3.839179,0.05992494,0.04284266,-0.05649614,324.9596,272.4865,349.7493,-0.2641552,-0.3383857,-0.1707991,4.112453,281.8068,12.74674
3.850142,0.05996896,0.04287181,-0.05647666,324.9614,272.4825,349.7343,-0.2640001,-0.3374462,-0.170206,3.77353,282.2318,12.49623
3.861428,0.06003197,0.04293132,-0.05647751,324.915,272.5224,349.7467,-0.2638738,-0.3366825,-0.1696694,3.543839,282.3792,12.53928
3.872347,0.06006433,0.04296603,-0.0564603,324.9112,272.5439,349.7353,-0.2637245,-0.3362924,-0.169188,3.574831,282.4132,12.4532
3.883384,0.06009696,0.04299859,-0.05640978,324.9028,272.5623,349.7455,-0.2635446,-0.3360028,-0.1684842,3.624921,282.1565,11.90281
3.89443,0.06012437,0.04304078,-0.05636441,324.8803,272.6024,349.7384,-0.2634245,-0.3355155,-0.1678488,3.267768,282.0901,11.34729
3.905776,0.06014097,0.04307803,-0.05632175,324.8593,272.6549,349.6959,-0.2635142,-0.3347024,-0.1675994,2.444682,281.5673,10.96101
3.916673,0.06019181,0.04313197,-0.05627481,324.8816,272.7107,349.6497,-0.2636559,-0.3339481,-0.1673663,1.587431,280.7404,10.32918
3.927952,0.06021555,0.04315249,-0.05620841,324.8975,272.7455,349.6527,-0.2638814,-0.3332589,-0.16699,0.7858059,279.9243,9.392173
3.938819,0.06023202,0.0431886,-0.05617789,324.8922,272.8033,349.5884,-0.2641117,-0.3325679,-0.1665706,0.05663508,279.2982,8.584202
3.949964,0.06024027,0.04319256,-0.05612869,324.8783,272.8307,349.5871,-0.2645685,-0.331856,-0.1661098,359.4167,278.8839,7.935077
3.961159,0.06027623,0.0432073,-0.05607815,324.8817,272.8591,349.574,-0.2651057,-0.3310828,-0.1657033,358.8029,278.5964,7.500286
3.972352,0.06029646,0.04320004,-0.05601879,324.8568,272.8764,349.5829,-0.2657076,-0.3302435,-0.1654255,358.1513,278.3507,7.208982
3.98342,0.06034501,0.04319901,-0.05597466,324.8417,272.8922,349.5524,-0.2659364,-0.3293913,-0.1652036,357.4827,278.0386,6.818762
3.994378,0.06037501,0.04319642,-0.05592874,324.8171,272.9238,349.5333,-0.2662022,-0.3286239,-0.1647789,356.8813,277.493,6.061058
4.005969,0.06038988,0.0431725,-0.05586214,324.7552,272.9152,349.4901,-0.266537,-0.3277568,-0.1641343,356.0814,276.879,4.830247
4.017062,0.06034912,0.04313635,-0.05582668,324.7157,272.9405,349.452,-0.2664671,-0.3265165,-0.1634076,354.6962,276.6574,3.592613
4.0278,0.06034671,0.04312355,-0.05577511,324.734,272.9043,349.4315,-0.266089,-0.3251901,-0.1626503,353.0581,276.3165,2.490831
4.039355,0.06026289,0.04307853,-0.05572113,324.727,272.8876,349.4181,-0.2657117,-0.3237514,-0.1618908,351.3015,275.5402,1.257443
4.050064,0.06013547,0.04302946,-0.05569971,324.7168,272.885,349.3746,-0.2652447,-0.3222174,-0.1609931,349.4437,274.9189,359.833
4.06109,0.05999307,0.04296828,-0.05565888,324.7129,272.8698,349.3636,-0.2649118,-0.3208414,-0.1600761,347.935,274.5106,358.6464
4.072276,0.05981886,0.0429057,-0.05560693,324.7326,272.8158,349.3409,-0.2646545,-0.3195873,-0.1590929,346.8324,274.112,357.762
4.083401,0.05961593,0.04284478,-0.05557863,324.7336,272.7996,349.3153,-0.2644111,-0.3184086,-0.157868,345.7982,273.8487,356.807
4.094227,0.059375,0.04278647,-0.05554835,324.7411,272.7756,349.2819,-0.2640942,-0.3173204,-0.1563453,344.657,273.8403,355.6338
4.105696,0.05906251,0.04271491,-0.05550443,324.7402,272.7503,349.2625,-0.2640226,-0.3161456,-0.1543512,343.2345,273.8129,354.1689
4.117053,0.05846718,0.04260432,-0.05544265,324.7829,272.6602,349.201,-0.2649139,-0.3144789,-0.1514258,341.5379,273.8522,352.3888
4.127928,0.05817105,0.04256347,-0.05545972,324.8548,272.6758,349.2091,-0.2658221,-0.3128741,-0.148349,339.7459,274.0094,350.3449
4.138828,0.05752644,0.04245963,-0.05550984,324.9493,272.6063,349.199,-0.2656509,-0.3118499,-0.1459838,337.9881,274.0622,348.4366
4.15005,0.05701535,0.04236989,-0.05559393,325.0015,272.5429,349.2087,-0.2653746,-0.3108807,-0.143523,336.175,274.2301,346.4677
4.161183,0.05648587,0.04229366,-0.05569044,325.1214,272.4578,349.2582,-0.2652756,-0.3100355,-0.141077,334.4538,274.5034,344.3966
4.172301,0.0559724,0.04221531,-0.05581144,325.1436,272.3915,349.2924,-0.2653774,-0.3093776,-0.1386418,332.978,274.757,342.2519
4.183148,0.05562412,0.04217868,-0.05592822,325.1224,272.3616,349.2738,-0.2654759,-0.3088548,-0.1361347,331.57,275.0464,340.0812
4.194498,0.05503835,0.04209813,-0.05602473,325.1671,272.2509,349.3546,-0.2655806,-0.308301,-0.1335832,330.1745,275.5338,337.9741
4.205722,0.05447307,0.04206245,-0.0561671,325.2032,272.1978,349.3278,-0.2657829,-0.3078034,-0.1310387,328.8669,276.0658,336.2273
4.21688,0.05384746,0.04198753,-0.05626583,325.2405,272.1134,349.3362,-0.2660218,-0.3075137,-0.1283531,327.6019,276.7604,334.5187
4.228273,0.05316138,0.04188278,-0.05634478,325.3098,272.0804,349.4061,-0.2664096,-0.3074695,-0.1254966,326.661,277.7578,332.8178
4.239028,0.05246879,0.04177135,-0.05644246,325.3441,271.9905,349.3886,-0.2669395,-0.3075892,-0.1225517,325.892,278.7806,331.067
4.250146,0.05176301,0.04170552,-0.05661629,325.4162,271.9567,349.3237,-0.2675186,-0.3078383,-0.1196907,325.3431,279.8631,329.3916
4.261127,0.05096782,0.0415925,-0.0567666,325.4237,271.911,349.352,-0.2680631,-0.3079832,-0.1169263,324.5515,280.6545,327.8096
4.272823,0.05028085,0.04159279,-0.05698085,325.5305,271.8218,349.3123,-0.2683818,-0.3085263,-0.1139583,323.0307,281.5008,325.5183
4.283397,0.04951208,0.04153752,-0.05716869,325.5659,271.7226,349.3511,-0.2685317,-0.3092572,-0.1107821,321.3153,282.9291,322.1486
4.294374,0.04862045,0.04142058,-0.05738123,325.5199,271.6302,349.4419,-0.26879,-0.3098342,-0.1076205,319.8461,284.3244,318.9498
4.305929,0.04779386,0.04137235,-0.05760682,325.5893,271.5181,349.5045,-0.2689301,-0.3103741,-0.1045112,318.6793,285.6883,316.4188
4.317027,0.04695292,0.04128839,-0.05787342,325.6756,271.4321,349.5275,-0.2690914,-0.3106826,-0.1016042,317.9843,286.9729,314.69
4.327841,0.04603076,0.04115278,-0.05808724,325.7318,271.3385,349.6328,-0.2695258,-0.3108062,-0.09878547,317.8744,287.8557,313.9913
4.339389,0.04515745,0.04102577,-0.05831371,325.8203,271.2345,349.6887,-0.2700597,-0.3109891,-0.09596825,317.8733,288.5973,313.6996
4.350493,0.04430651,0.0408987,-0.05854153,325.8957,271.1162,349.7007,-0.2706881,-0.3113109,-0.09319615,318.2096,289.312,313.8034
4.361625,0.04343338,0.04075231,-0.05875863,325.9685,271.041,349.7591,-0.2713161,-0.3117799,-0.0902694,318.484,290.1863,313.5805
4.372898,0.04256972,0.04060024,-0.05898757,326.0343,270.9843,349.792,-0.2720048,-0.3124236,-0.08717558,318.784,290.9782,313.3503
4.383271,0.04167565,0.04044699,-0.05919712,326.0823,270.9189,349.8268,-0.2725967,-0.3135016,-0.08383871,318.8693,292.0062,312.7171
4.394745,0.04081949,0.04030772,-0.05937807,326.1921,270.8654,349.8613,-0.273104,-0.3148378,-0.08028317,318.8909,293.3347,311.6372
4.40538,0.03995336,0.04012528,-0.05953097,326.2859,270.7896,349.9261,-0.2734852,-0.3164278,-0.07645457,318.9796,294.9242,310.2288
4.416836,0.03914586,0.04002104,-0.05978104,326.4254,270.7941,349.881,-0.2738757,-0.3178976,-0.07268322,319.2153,296.3553,309.0644
4.427635,0.0383222,0.03986834,-0.05992451,326.4962,270.7129,349.9149,-0.2742994,-0.3192998,-0.06888577,319.6375,297.5102,308.1415
4.438983,0.03753728,0.03975156,-0.0600969,326.5807,270.7088,349.919,-0.2746755,-0.3204419,-0.06508069,320.0838,298.3114,307.5845
4.449497,0.03674464,0.03961133,-0.06020694,326.5977,270.6363,349.9341,-0.2749622,-0.3213497,-0.06122058,320.4663,298.8167,307.5719
4.461486,0.03597697,0.03952295,-0.06040301,326.619,270.6619,349.896,-0.2752469,-0.3223493,-0.05719518,320.8223,299.4709,307.6747
4.471938,0.0352289,0.03946836,-0.0605879,326.6395,270.6389,349.8172,-0.2753973,-0.3235981,-0.0528658,321.3084,300.5705,307.7025
4.483298,0.03451858,0.03940413,-0.06078476,326.7177,270.6475,349.8145,-0.2755155,-0.3251131,-0.04836138,321.915,302.0286,307.4543
4.494099,0.03372267,0.03929924,-0.06100358,326.75,270.6028,349.768,-0.2756976,-0.3270266,-0.04357731,322.7144,303.7772,306.9044
4.505452,0.03294192,0.0391873,-0.06123225,326.8313,270.5458,349.7777,-0.2760936,-0.3290075,-0.03873536,323.677,305.4095,306.2587
4.516601,0.03210487,0.03906748,-0.06154861,326.8647,270.5315,349.7436,-0.2767539,-0.3307182,-0.03394957,324.6321,306.6689,305.7177
4.527814,0.03132721,0.03895923,-0.06179817,326.946,270.4653,349.7893,-0.2777534,-0.3321386,-0.02915557,325.3558,307.5847,305.1385
4.53919,0.03052384,0.03887429,-0.06213982,326.9951,270.4545,349.77,-0.2787782,-0.3333142,-0.02443484,325.8103,308.3207,304.6298
4.556186,0.02970145,0.03878332,-0.0624339,327.04,270.3725,349.8051,-0.279916,-0.3342351,-0.01977161,325.9799,308.8403,304.2512
4.562272,0.02890146,0.03869432,-0.06273226,327.1203,270.3553,349.8549,-0.2811543,-0.3352029,-0.0151059,326.2202,309.4221,304.0734
4.572098,0.02808329,0.03858589,-0.06301571,327.157,270.2834,349.8943,-0.2824618,-0.3363463,-0.01035095,326.7948,310.1449,304.0876
4.583773,0.02735646,0.03851464,-0.06324244,327.2372,270.1447,349.9485,-0.2840045,-0.3376942,-0.005550623,327.6492,311.0392,304.2477
4.594068,0.02648623,0.0383827,-0.06350835,327.2268,270.1386,350.0179,-0.2860144,-0.3392303,-0.0007586282,328.7235,312.0092,304.4457
4.605291,0.02573648,0.03837135,-0.06372831,327.307,270.0755,350.0452,-0.2882843,-0.3406841,0.003975842,329.6147,312.8908,304.4225
4.616542,0.02489713,0.03832883,-0.06394722,327.3192,270.0774,350.04,-0.2912571,-0.3420452,0.008635936,330.1208,313.5101,304.1174
4.627511,0.02430559,0.03827802,-0.06403444,327.3091,270.0682,350.0722,-0.294861,-0.3433816,0.01317598,330.216,313.7044,303.6671
4.639042,0.02361989,0.03824108,-0.06414355,327.3245,270.0816,350.0905,-0.2987288,-0.3448144,0.01764465,330.3278,313.7029,303.3293
4.65273,0.02245224,0.03816911,-0.06431427,327.3281,270.1249,350.1305,-0.3032281,-0.346544,0.02215032,330.5912,313.5146,302.9702
